crop_name,agro_zone,crop_group,temp_lo,temp_hi,ph_lo,ph_hi,seasons_text,ph_is_real,temp_is_real,service_zone,kau_zone_source,seasons,suitable_soils
Adapathiyan,General (all zones),Medicinal and Aromatic Plants,22.0,32.0,5.0,6.5,Rainfed crop planted with onset of monsoon in May-June; irrigated crop can be planted any time,False,False,coastal_zone,General (all zones),southwest_monsoon;dry_season,Black soil (Chittoor black soil) / red loam
Adapathiyan,General (all zones),Medicinal and Aromatic Plants,22.0,32.0,5.0,6.5,Rainfed crop planted with onset of monsoon in May-June; irrigated crop can be planted any time,False,False,southern_zone,General (all zones),southwest_monsoon;dry_season,Black soil (Chittoor black soil) / red loam
Adapathiyan,General (all zones),Medicinal and Aromatic Plants,22.0,32.0,5.0,6.5,Rainfed crop planted with onset of monsoon in May-June; irrigated crop can be planted any time,False,False,central_zone,General (all zones),southwest_monsoon;dry_season,Black soil (Chittoor black soil) / red loam
Adapathiyan,General (all zones),Medicinal and Aromatic Plants,22.0,32.0,5.0,6.5,Rainfed crop planted with onset of monsoon in May-June; irrigated crop can be planted any time,False,False,northern_zone,General (all zones),southwest_monsoon;dry_season,Black soil (Chittoor black soil) / red loam
Adapathiyan,General (all zones),Medicinal and Aromatic Plants,22.0,32.0,5.0,6.5,Rainfed crop planted with onset of monsoon in May-June; irrigated crop can be planted any time,False,False,high_ranges,General (all zones),southwest_monsoon;dry_season,Black soil (Chittoor black soil) / red loam
Agathi,General (all zones),Fodder Crops,22.0,32.0,5.0,6.5,General,False,False,coastal_zone,General (all zones),,
Agathi,General (all zones),Fodder Crops,22.0,32.0,5.0,6.5,General,False,False,southern_zone,General (all zones),,
Agathi,General (all zones),Fodder Crops,22.0,32.0,5.0,6.5,General,False,False,central_zone,General (all zones),,
Agathi,General (all zones),Fodder Crops,22.0,32.0,5.0,6.5,General,False,False,northern_zone,General (all zones),,
Agathi,General (all zones),Fodder Crops,22.0,32.0,5.0,6.5,General,False,False,high_ranges,General (all zones),,
Ailanthus or Matti,General (all zones),Agroforestry,22.0,32.0,5.0,6.5,Onset of rains (June planting; also Oct-Nov planting option),False,False,coastal_zone,General (all zones),southwest_monsoon,
Ailanthus or Matti,General (all zones),Agroforestry,22.0,32.0,5.0,6.5,Onset of rains (June planting; also Oct-Nov planting option),False,False,southern_zone,General (all zones),southwest_monsoon,
Ailanthus or Matti,General (all zones),Agroforestry,22.0,32.0,5.0,6.5,Onset of rains (June planting; also Oct-Nov planting option),False,False,central_zone,General (all zones),southwest_monsoon,
Ailanthus or Matti,General (all zones),Agroforestry,22.0,32.0,5.0,6.5,Onset of rains (June planting; also Oct-Nov planting option),False,False,northern_zone,General (all zones),southwest_monsoon,
Ailanthus or Matti,General (all zones),Agroforestry,22.0,32.0,5.0,6.5,Onset of rains (June planting; also Oct-Nov planting option),False,False,high_ranges,General (all zones),southwest_monsoon,
Amaranth,General (all zones),Vegetables,22.0,32.0,5.0,6.5,Year-round (avoid sowing red-leaved varieties during periods of heavy rain; rainy season planting on raised beds),False,False,coastal_zone,General (all zones),,
Amaranth,General (all zones),Vegetables,22.0,32.0,5.0,6.5,Year-round (avoid sowing red-leaved varieties during periods of heavy rain; rainy season planting on raised beds),False,False,southern_zone,General (all zones),,
Amaranth,General (all zones),Vegetables,22.0,32.0,5.0,6.5,Year-round (avoid sowing red-leaved varieties during periods of heavy rain; rainy season planting on raised beds),False,False,central_zone,General (all zones),,
Amaranth,General (all zones),Vegetables,22.0,32.0,5.0,6.5,Year-round (avoid sowing red-leaved varieties during periods of heavy rain; rainy season planting on raised beds),False,False,northern_zone,General (all zones),,
Amaranth,General (all zones),Vegetables,22.0,32.0,5.0,6.5,Year-round (avoid sowing red-leaved varieties during periods of heavy rain; rainy season planting on raised beds),False,False,high_ranges,General (all zones),,
Anthurium,High Hills,Ornamental Plants,18.0,28.0,5.6,6.5,,False,True,high_ranges,High Hills,,
Anthurium,Midland Laterites,Ornamental Plants,18.0,28.0,5.6,6.5,,False,True,northern_zone,Midland Laterites,,
Anthurium,Midland Laterites,Ornamental Plants,18.0,28.0,5.6,6.5,,False,True,central_zone,Midland Laterites,,
Anthurium,Midland Laterites,Ornamental Plants,18.0,28.0,5.6,6.5,,False,True,southern_zone,Midland Laterites,,
Apple,High Hills,Fruits,3.0,11.0,5.9,6.5,Late winter (planting),False,True,high_ranges,High Hills,northeast_monsoon,Coastal sandy / laterite patches
Arecanut,Coastal Plain,Beverages and Stimulants,24.0,33.0,6.0,6.5,Field planting: May-June in well-drained soils; August-September in clayey soils,False,False,coastal_zone,Coastal Plain,southwest_monsoon;dry_season,"Coastal alluvium / sandy, backwater-adjacent;Laterite;Black soil (Chittoor black soil) / red loam"
Arecanut,Foothills,Beverages and Stimulants,20.0,30.0,6.0,6.5,Field planting: May-June in well-drained soils; August-September in clayey soils,False,False,northern_zone,Foothills,southwest_monsoon;dry_season,"Coastal alluvium / sandy, backwater-adjacent;Laterite;Black soil (Chittoor black soil) / red loam"
Arecanut,Foothills,Beverages and Stimulants,20.0,30.0,6.0,6.5,Field planting: May-June in well-drained soils; August-September in clayey soils,False,False,central_zone,Foothills,southwest_monsoon;dry_season,"Coastal alluvium / sandy, backwater-adjacent;Laterite;Black soil (Chittoor black soil) / red loam"
Arecanut,Foothills,Beverages and Stimulants,20.0,30.0,6.0,6.5,Field planting: May-June in well-drained soils; August-September in clayey soils,False,False,southern_zone,Foothills,southwest_monsoon;dry_season,"Coastal alluvium / sandy, backwater-adjacent;Laterite;Black soil (Chittoor black soil) / red loam"
Arecanut,High Hills,Beverages and Stimulants,12.0,25.0,6.0,6.5,Field planting: May-June in well-drained soils; August-September in clayey soils,False,False,high_ranges,High Hills,southwest_monsoon;dry_season,"Coastal alluvium / sandy, backwater-adjacent;Laterite;Black soil (Chittoor black soil) / red loam"
Arecanut,Midland Laterites,Beverages and Stimulants,23.0,32.0,6.0,6.5,Field planting: May-June in well-drained soils; August-September in clayey soils,False,False,northern_zone,Midland Laterites,southwest_monsoon;dry_season,"Coastal alluvium / sandy, backwater-adjacent;Laterite;Black soil (Chittoor black soil) / red loam"
Arecanut,Midland Laterites,Beverages and Stimulants,23.0,32.0,6.0,6.5,Field planting: May-June in well-drained soils; August-September in clayey soils,False,False,central_zone,Midland Laterites,southwest_monsoon;dry_season,"Coastal alluvium / sandy, backwater-adjacent;Laterite;Black soil (Chittoor black soil) / red loam"
Arecanut,Midland Laterites,Beverages and Stimulants,23.0,32.0,6.0,6.5,Field planting: May-June in well-drained soils; August-September in clayey soils,False,False,southern_zone,Midland Laterites,southwest_monsoon;dry_season,"Coastal alluvium / sandy, backwater-adjacent;Laterite;Black soil (Chittoor black soil) / red loam"
Arecanut,Palakkad Plain,Beverages and Stimulants,24.0,36.0,6.0,6.5,Field planting: May-June in well-drained soils; August-September in clayey soils,False,False,central_zone,Palakkad Plain,southwest_monsoon;dry_season,"Coastal alluvium / sandy, backwater-adjacent;Laterite;Black soil (Chittoor black soil) / red loam"
Arrow root,General (all zones),Medicinal and Aromatic Plants,22.0,32.0,5.0,6.5,General,False,False,coastal_zone,General (all zones),,
Arrow root,General (all zones),Medicinal and Aromatic Plants,22.0,32.0,5.0,6.5,General,False,False,southern_zone,General (all zones),,
Arrow root,General (all zones),Medicinal and Aromatic Plants,22.0,32.0,5.0,6.5,General,False,False,central_zone,General (all zones),,
Arrow root,General (all zones),Medicinal and Aromatic Plants,22.0,32.0,5.0,6.5,General,False,False,northern_zone,General (all zones),,
Arrow root,General (all zones),Medicinal and Aromatic Plants,22.0,32.0,5.0,6.5,General,False,False,high_ranges,General (all zones),,
Ash gourd,General (all zones),Cucurbitaceous Vegetables,22.0,32.0,5.0,6.5,"January-March | September-December | May-June (rainfed crop, sown after receipt of first showers)",False,False,coastal_zone,General (all zones),southwest_monsoon;dry_season,
Ash gourd,General (all zones),Cucurbitaceous Vegetables,22.0,32.0,5.0,6.5,"January-March | September-December | May-June (rainfed crop, sown after receipt of first showers)",False,False,southern_zone,General (all zones),southwest_monsoon;dry_season,
Ash gourd,General (all zones),Cucurbitaceous Vegetables,22.0,32.0,5.0,6.5,"January-March | September-December | May-June (rainfed crop, sown after receipt of first showers)",False,False,central_zone,General (all zones),southwest_monsoon;dry_season,
Ash gourd,General (all zones),Cucurbitaceous Vegetables,22.0,32.0,5.0,6.5,"January-March | September-December | May-June (rainfed crop, sown after receipt of first showers)",False,False,northern_zone,General (all zones),southwest_monsoon;dry_season,
Ash gourd,General (all zones),Cucurbitaceous Vegetables,22.0,32.0,5.0,6.5,"January-March | September-December | May-June (rainfed crop, sown after receipt of first showers)",False,False,high_ranges,General (all zones),southwest_monsoon;dry_season,
Asoka,General (all zones),Medicinal and Aromatic Plants,22.0,32.0,5.0,6.5,Planted with onset of monsoon in May-June,False,False,coastal_zone,General (all zones),southwest_monsoon;dry_season,
Asoka,General (all zones),Medicinal and Aromatic Plants,22.0,32.0,5.0,6.5,Planted with onset of monsoon in May-June,False,False,southern_zone,General (all zones),southwest_monsoon;dry_season,
Asoka,General (all zones),Medicinal and Aromatic Plants,22.0,32.0,5.0,6.5,Planted with onset of monsoon in May-June,False,False,central_zone,General (all zones),southwest_monsoon;dry_season,
Asoka,General (all zones),Medicinal and Aromatic Plants,22.0,32.0,5.0,6.5,Planted with onset of monsoon in May-June,False,False,northern_zone,General (all zones),southwest_monsoon;dry_season,
Asoka,General (all zones),Medicinal and Aromatic Plants,22.0,32.0,5.0,6.5,Planted with onset of monsoon in May-June,False,False,high_ranges,General (all zones),southwest_monsoon;dry_season,
Banana,Coastal Plain,Fruits,23.0,31.0,5.9,6.5,"General (all zones) | January planting (rainfed,  pot-irrigated at 9 litres/plant once in 15 days until April-May)",False,True,coastal_zone,Coastal Plain,southwest_monsoon;dry_season,"Coastal sandy / laterite patches;Coastal alluvium / sandy, backwater-adjacent"
Banana,Midland Laterites,Fruits,23.0,31.0,5.9,6.5,April-May (rainfed) | August-September (irrigated),False,True,northern_zone,Midland Laterites,southwest_monsoon;dry_season,
Banana,Midland Laterites,Fruits,23.0,31.0,5.9,6.5,April-May (rainfed) | August-September (irrigated),False,True,central_zone,Midland Laterites,southwest_monsoon;dry_season,
Banana,Midland Laterites,Fruits,23.0,31.0,5.9,6.5,April-May (rainfed) | August-September (irrigated),False,True,southern_zone,Midland Laterites,southwest_monsoon;dry_season,
Beet root,High Hills,Cool Season Vegetables,12.0,25.0,5.2,7.0,August-January,False,False,high_ranges,High Hills,southwest_monsoon;dry_season,Coastal sandy / laterite patches
Betel vine,General (all zones),Beverages and Stimulants,10.0,40.0,6.0,6.5,Edavakodi: planted May-June | Thulakodi: planted August-September,False,True,coastal_zone,General (all zones),southwest_monsoon;dry_season,Laterite
Betel vine,General (all zones),Beverages and Stimulants,10.0,40.0,6.0,6.5,Edavakodi: planted May-June | Thulakodi: planted August-September,False,True,southern_zone,General (all zones),southwest_monsoon;dry_season,Laterite
Betel vine,General (all zones),Beverages and Stimulants,10.0,40.0,6.0,6.5,Edavakodi: planted May-June | Thulakodi: planted August-September,False,True,central_zone,General (all zones),southwest_monsoon;dry_season,Laterite
Betel vine,General (all zones),Beverages and Stimulants,10.0,40.0,6.0,6.5,Edavakodi: planted May-June | Thulakodi: planted August-September,False,True,northern_zone,General (all zones),southwest_monsoon;dry_season,Laterite
Betel vine,General (all zones),Beverages and Stimulants,10.0,40.0,6.0,6.5,Edavakodi: planted May-June | Thulakodi: planted August-September,False,True,high_ranges,General (all zones),southwest_monsoon;dry_season,Laterite
Bitter gourd,General (all zones),Cucurbitaceous Vegetables,22.0,32.0,5.0,6.5,"January-March | September-December | May-June (rainfed crop, sown after receipt of first showers)",False,False,coastal_zone,General (all zones),southwest_monsoon;dry_season,"Coastal alluvium / sandy, backwater-adjacent"
Bitter gourd,General (all zones),Cucurbitaceous Vegetables,22.0,32.0,5.0,6.5,"January-March | September-December | May-June (rainfed crop, sown after receipt of first showers)",False,False,southern_zone,General (all zones),southwest_monsoon;dry_season,"Coastal alluvium / sandy, backwater-adjacent"
Bitter gourd,General (all zones),Cucurbitaceous Vegetables,22.0,32.0,5.0,6.5,"January-March | September-December | May-June (rainfed crop, sown after receipt of first showers)",False,False,central_zone,General (all zones),southwest_monsoon;dry_season,"Coastal alluvium / sandy, backwater-adjacent"
Bitter gourd,General (all zones),Cucurbitaceous Vegetables,22.0,32.0,5.0,6.5,"January-March | September-December | May-June (rainfed crop, sown after receipt of first showers)",False,False,northern_zone,General (all zones),southwest_monsoon;dry_season,"Coastal alluvium / sandy, backwater-adjacent"
Bitter gourd,General (all zones),Cucurbitaceous Vegetables,22.0,32.0,5.0,6.5,"January-March | September-December | May-June (rainfed crop, sown after receipt of first showers)",False,False,high_ranges,General (all zones),southwest_monsoon;dry_season,"Coastal alluvium / sandy, backwater-adjacent"
Black gram,General (all zones),Pulses,22.0,32.0,5.0,6.5,Throughout the year,False,False,coastal_zone,General (all zones),,
Black gram,General (all zones),Pulses,22.0,32.0,5.0,6.5,Throughout the year,False,False,southern_zone,General (all zones),,
Black gram,General (all zones),Pulses,22.0,32.0,5.0,6.5,Throughout the year,False,False,central_zone,General (all zones),,
Black gram,General (all zones),Pulses,22.0,32.0,5.0,6.5,Throughout the year,False,False,northern_zone,General (all zones),,
Black gram,General (all zones),Pulses,22.0,32.0,5.0,6.5,Throughout the year,False,False,high_ranges,General (all zones),,
Black pepper,General (all zones),Spices and Condiments,10.0,40.0,5.0,6.5,April-May (planting of standards/support trees with onset of pre-monsoon showers) | June-July (planting of rooted pepper cuttings with onset of southwest monsoon),False,True,coastal_zone,General (all zones),southwest_monsoon;dry_season,
Black pepper,General (all zones),Spices and Condiments,10.0,40.0,5.0,6.5,April-May (planting of standards/support trees with onset of pre-monsoon showers) | June-July (planting of rooted pepper cuttings with onset of southwest monsoon),False,True,southern_zone,General (all zones),southwest_monsoon;dry_season,
Black pepper,General (all zones),Spices and Condiments,10.0,40.0,5.0,6.5,April-May (planting of standards/support trees with onset of pre-monsoon showers) | June-July (planting of rooted pepper cuttings with onset of southwest monsoon),False,True,central_zone,General (all zones),southwest_monsoon;dry_season,
Black pepper,General (all zones),Spices and Condiments,10.0,40.0,5.0,6.5,April-May (planting of standards/support trees with onset of pre-monsoon showers) | June-July (planting of rooted pepper cuttings with onset of southwest monsoon),False,True,northern_zone,General (all zones),southwest_monsoon;dry_season,
Black pepper,General (all zones),Spices and Condiments,10.0,40.0,5.0,6.5,April-May (planting of standards/support trees with onset of pre-monsoon showers) | June-July (planting of rooted pepper cuttings with onset of southwest monsoon),False,True,high_ranges,General (all zones),southwest_monsoon;dry_season,
Bottle gourd,General (all zones),Cucurbitaceous Vegetables,22.0,32.0,5.0,6.5,"January-March | September-December | May-June (rainfed crop, sown after receipt of first showers)",False,False,coastal_zone,General (all zones),southwest_monsoon;dry_season,
Bottle gourd,General (all zones),Cucurbitaceous Vegetables,22.0,32.0,5.0,6.5,"January-March | September-December | May-June (rainfed crop, sown after receipt of first showers)",False,False,southern_zone,General (all zones),southwest_monsoon;dry_season,
Bottle gourd,General (all zones),Cucurbitaceous Vegetables,22.0,32.0,5.0,6.5,"January-March | September-December | May-June (rainfed crop, sown after receipt of first showers)",False,False,central_zone,General (all zones),southwest_monsoon;dry_season,
Bottle gourd,General (all zones),Cucurbitaceous Vegetables,22.0,32.0,5.0,6.5,"January-March | September-December | May-June (rainfed crop, sown after receipt of first showers)",False,False,northern_zone,General (all zones),southwest_monsoon;dry_season,
Bottle gourd,General (all zones),Cucurbitaceous Vegetables,22.0,32.0,5.0,6.5,"January-March | September-December | May-June (rainfed crop, sown after receipt of first showers)",False,False,high_ranges,General (all zones),southwest_monsoon;dry_season,
Brahmi,General (all zones),Medicinal and Aromatic Plants,22.0,32.0,5.0,6.5,General,False,False,coastal_zone,General (all zones),,"Coastal alluvium / sandy, backwater-adjacent"
Brahmi,General (all zones),Medicinal and Aromatic Plants,22.0,32.0,5.0,6.5,General,False,False,southern_zone,General (all zones),,"Coastal alluvium / sandy, backwater-adjacent"
Brahmi,General (all zones),Medicinal and Aromatic Plants,22.0,32.0,5.0,6.5,General,False,False,central_zone,General (all zones),,"Coastal alluvium / sandy, backwater-adjacent"
Brahmi,General (all zones),Medicinal and Aromatic Plants,22.0,32.0,5.0,6.5,General,False,False,northern_zone,General (all zones),,"Coastal alluvium / sandy, backwater-adjacent"
Brahmi,General (all zones),Medicinal and Aromatic Plants,22.0,32.0,5.0,6.5,General,False,False,high_ranges,General (all zones),,"Coastal alluvium / sandy, backwater-adjacent"
Brinjal,General (all zones),Solanaceous Vegetables,22.0,32.0,5.0,6.5,"May-June (rainfed crop, before onset of southwest monsoon) | September-October (irrigated crop)",False,False,coastal_zone,General (all zones),southwest_monsoon;northeast_monsoon;dry_season,
Brinjal,General (all zones),Solanaceous Vegetables,22.0,32.0,5.0,6.5,"May-June (rainfed crop, before onset of southwest monsoon) | September-October (irrigated crop)",False,False,southern_zone,General (all zones),southwest_monsoon;northeast_monsoon;dry_season,
Brinjal,General (all zones),Solanaceous Vegetables,22.0,32.0,5.0,6.5,"May-June (rainfed crop, before onset of southwest monsoon) | September-October (irrigated crop)",False,False,central_zone,General (all zones),southwest_monsoon;northeast_monsoon;dry_season,
Brinjal,General (all zones),Solanaceous Vegetables,22.0,32.0,5.0,6.5,"May-June (rainfed crop, before onset of southwest monsoon) | September-October (irrigated crop)",False,False,northern_zone,General (all zones),southwest_monsoon;northeast_monsoon;dry_season,
Brinjal,General (all zones),Solanaceous Vegetables,22.0,32.0,5.0,6.5,"May-June (rainfed crop, before onset of southwest monsoon) | September-October (irrigated crop)",False,False,high_ranges,General (all zones),southwest_monsoon;northeast_monsoon;dry_season,
Cabbage,High Hills,Cool Season Vegetables,12.0,25.0,5.2,7.0,October-November,False,False,high_ranges,High Hills,northeast_monsoon,
Cabbage,Midland Laterites,Cool Season Vegetables,23.0,32.0,5.2,7.0,October-November,False,False,northern_zone,Midland Laterites,northeast_monsoon,
Cabbage,Midland Laterites,Cool Season Vegetables,23.0,32.0,5.2,7.0,October-November,False,False,central_zone,Midland Laterites,northeast_monsoon,
Cabbage,Midland Laterites,Cool Season Vegetables,23.0,32.0,5.2,7.0,October-November,False,False,southern_zone,Midland Laterites,northeast_monsoon,
Camboge,General (all zones),Spices and Condiments,22.0,32.0,5.0,6.5,Onset of monsoon showers (field planting),False,False,coastal_zone,General (all zones),southwest_monsoon,Laterite
Camboge,General (all zones),Spices and Condiments,22.0,32.0,5.0,6.5,Onset of monsoon showers (field planting),False,False,southern_zone,General (all zones),southwest_monsoon,Laterite
Camboge,General (all zones),Spices and Condiments,22.0,32.0,5.0,6.5,Onset of monsoon showers (field planting),False,False,central_zone,General (all zones),southwest_monsoon,Laterite
Camboge,General (all zones),Spices and Condiments,22.0,32.0,5.0,6.5,Onset of monsoon showers (field planting),False,False,northern_zone,General (all zones),southwest_monsoon,Laterite
Camboge,General (all zones),Spices and Condiments,22.0,32.0,5.0,6.5,Onset of monsoon showers (field planting),False,False,high_ranges,General (all zones),southwest_monsoon,Laterite
Cardamom,High Hills,Spices and Condiments,10.0,35.0,5.0,6.5,"Onset of southwest monsoon (main field planting, before heavy rains)",False,True,high_ranges,High Hills,southwest_monsoon,"Forest loam / hill soil (acidic, high organic matter)"
Carrot,High Hills,Cool Season Vegetables,12.0,25.0,5.2,7.0,August-January,False,False,high_ranges,High Hills,southwest_monsoon;dry_season,Coastal sandy / laterite patches
Carrot,Midland Laterites,Cool Season Vegetables,23.0,32.0,5.2,7.0,,False,False,northern_zone,Midland Laterites,,Coastal sandy / laterite patches
Carrot,Midland Laterites,Cool Season Vegetables,23.0,32.0,5.2,7.0,,False,False,central_zone,Midland Laterites,,Coastal sandy / laterite patches
Carrot,Midland Laterites,Cool Season Vegetables,23.0,32.0,5.2,7.0,,False,False,southern_zone,Midland Laterites,,Coastal sandy / laterite patches
Cashew,Coastal Plain,Commercial Crops,24.0,33.0,5.0,6.5,"Onset of southwest monsoon (June-July, main planting of grafts)",False,False,coastal_zone,Coastal Plain,southwest_monsoon,
Cashew,Foothills,Commercial Crops,20.0,30.0,5.0,6.5,"Onset of southwest monsoon (June-July, main planting of grafts)",False,False,northern_zone,Foothills,southwest_monsoon,
Cashew,Foothills,Commercial Crops,20.0,30.0,5.0,6.5,"Onset of southwest monsoon (June-July, main planting of grafts)",False,False,central_zone,Foothills,southwest_monsoon,
Cashew,Foothills,Commercial Crops,20.0,30.0,5.0,6.5,"Onset of southwest monsoon (June-July, main planting of grafts)",False,False,southern_zone,Foothills,southwest_monsoon,
Cashew,High Hills,Commercial Crops,12.0,25.0,5.0,6.5,"Onset of southwest monsoon (June-July, main planting of grafts)",False,False,high_ranges,High Hills,southwest_monsoon,
Cashew,Midland Laterites,Commercial Crops,23.0,32.0,5.0,6.5,"Onset of southwest monsoon (June-July, main planting of grafts)",False,False,northern_zone,Midland Laterites,southwest_monsoon,
Cashew,Midland Laterites,Commercial Crops,23.0,32.0,5.0,6.5,"Onset of southwest monsoon (June-July, main planting of grafts)",False,False,central_zone,Midland Laterites,southwest_monsoon,
Cashew,Midland Laterites,Commercial Crops,23.0,32.0,5.0,6.5,"Onset of southwest monsoon (June-July, main planting of grafts)",False,False,southern_zone,Midland Laterites,southwest_monsoon,
Cassia,General (all zones),Green Leaf Manure Crops,22.0,32.0,5.0,6.5,General,False,False,coastal_zone,General (all zones),,
Cassia,General (all zones),Green Leaf Manure Crops,22.0,32.0,5.0,6.5,General,False,False,southern_zone,General (all zones),,
Cassia,General (all zones),Green Leaf Manure Crops,22.0,32.0,5.0,6.5,General,False,False,central_zone,General (all zones),,
Cassia,General (all zones),Green Leaf Manure Crops,22.0,32.0,5.0,6.5,General,False,False,northern_zone,General (all zones),,
Cassia,General (all zones),Green Leaf Manure Crops,22.0,32.0,5.0,6.5,General,False,False,high_ranges,General (all zones),,
Casuarina,Coastal Plain,Agroforestry,24.0,33.0,5.0,6.5,Onset of monsoon (site prep/planting); nursery sown Nov-Dec,False,False,coastal_zone,Coastal Plain,southwest_monsoon,Coastal sandy / laterite patches
Cauliflower,High Hills,Cool Season Vegetables,12.0,25.0,5.2,7.0,October-November,False,False,high_ranges,High Hills,northeast_monsoon,
Cauliflower,Midland Laterites,Cool Season Vegetables,23.0,32.0,5.2,7.0,October-November,False,False,northern_zone,Midland Laterites,northeast_monsoon,
Cauliflower,Midland Laterites,Cool Season Vegetables,23.0,32.0,5.2,7.0,October-November,False,False,central_zone,Midland Laterites,northeast_monsoon,
Cauliflower,Midland Laterites,Cool Season Vegetables,23.0,32.0,5.2,7.0,October-November,False,False,southern_zone,Midland Laterites,northeast_monsoon,
Chadachi,High Hills,Agroforestry,12.0,25.0,5.0,6.5,Planting and management similar to Venga (before onset of monsoon),False,False,high_ranges,High Hills,southwest_monsoon,
Chengazhinirkizhangu,General (all zones),Medicinal and Aromatic Plants,22.0,32.0,5.0,6.5,Optimum planting with receipt of pre-monsoon showers in May-June,False,False,coastal_zone,General (all zones),southwest_monsoon;dry_season,Laterite
Chengazhinirkizhangu,General (all zones),Medicinal and Aromatic Plants,22.0,32.0,5.0,6.5,Optimum planting with receipt of pre-monsoon showers in May-June,False,False,southern_zone,General (all zones),southwest_monsoon;dry_season,Laterite
Chengazhinirkizhangu,General (all zones),Medicinal and Aromatic Plants,22.0,32.0,5.0,6.5,Optimum planting with receipt of pre-monsoon showers in May-June,False,False,central_zone,General (all zones),southwest_monsoon;dry_season,Laterite
Chengazhinirkizhangu,General (all zones),Medicinal and Aromatic Plants,22.0,32.0,5.0,6.5,Optimum planting with receipt of pre-monsoon showers in May-June,False,False,northern_zone,General (all zones),southwest_monsoon;dry_season,Laterite
Chengazhinirkizhangu,General (all zones),Medicinal and Aromatic Plants,22.0,32.0,5.0,6.5,Optimum planting with receipt of pre-monsoon showers in May-June,False,False,high_ranges,General (all zones),southwest_monsoon;dry_season,Laterite
Chethikoduveli,General (all zones),Medicinal and Aromatic Plants,22.0,32.0,5.0,6.5,Planting June-July,False,False,coastal_zone,General (all zones),southwest_monsoon,
Chethikoduveli,General (all zones),Medicinal and Aromatic Plants,22.0,32.0,5.0,6.5,Planting June-July,False,False,southern_zone,General (all zones),southwest_monsoon,
Chethikoduveli,General (all zones),Medicinal and Aromatic Plants,22.0,32.0,5.0,6.5,Planting June-July,False,False,central_zone,General (all zones),southwest_monsoon,
Chethikoduveli,General (all zones),Medicinal and Aromatic Plants,22.0,32.0,5.0,6.5,Planting June-July,False,False,northern_zone,General (all zones),southwest_monsoon,
Chethikoduveli,General (all zones),Medicinal and Aromatic Plants,22.0,32.0,5.0,6.5,Planting June-July,False,False,high_ranges,General (all zones),southwest_monsoon,
Chilli,General (all zones),Solanaceous Vegetables,22.0,32.0,5.0,6.5,"May-June (rainfed crop, before onset of southwest monsoon) | September-October (irrigated crop)",False,False,coastal_zone,General (all zones),southwest_monsoon;northeast_monsoon;dry_season,
Chilli,General (all zones),Solanaceous Vegetables,22.0,32.0,5.0,6.5,"May-June (rainfed crop, before onset of southwest monsoon) | September-October (irrigated crop)",False,False,southern_zone,General (all zones),southwest_monsoon;northeast_monsoon;dry_season,
Chilli,General (all zones),Solanaceous Vegetables,22.0,32.0,5.0,6.5,"May-June (rainfed crop, before onset of southwest monsoon) | September-October (irrigated crop)",False,False,central_zone,General (all zones),southwest_monsoon;northeast_monsoon;dry_season,
Chilli,General (all zones),Solanaceous Vegetables,22.0,32.0,5.0,6.5,"May-June (rainfed crop, before onset of southwest monsoon) | September-October (irrigated crop)",False,False,northern_zone,General (all zones),southwest_monsoon;northeast_monsoon;dry_season,
Chilli,General (all zones),Solanaceous Vegetables,22.0,32.0,5.0,6.5,"May-June (rainfed crop, before onset of southwest monsoon) | September-October (irrigated crop)",False,False,high_ranges,General (all zones),southwest_monsoon;northeast_monsoon;dry_season,
China aster,General (all zones),Ornamental Plants,22.0,32.0,5.6,6.5,,False,False,coastal_zone,General (all zones),,
China aster,General (all zones),Ornamental Plants,22.0,32.0,5.6,6.5,,False,False,southern_zone,General (all zones),,
China aster,General (all zones),Ornamental Plants,22.0,32.0,5.6,6.5,,False,False,central_zone,General (all zones),,
China aster,General (all zones),Ornamental Plants,22.0,32.0,5.6,6.5,,False,False,northern_zone,General (all zones),,
China aster,General (all zones),Ornamental Plants,22.0,32.0,5.6,6.5,,False,False,high_ranges,General (all zones),,
Chittadalotakam,General (all zones),Medicinal and Aromatic Plants,22.0,32.0,5.0,6.5,General,False,False,coastal_zone,General (all zones),,
Chittadalotakam,General (all zones),Medicinal and Aromatic Plants,22.0,32.0,5.0,6.5,General,False,False,southern_zone,General (all zones),,
Chittadalotakam,General (all zones),Medicinal and Aromatic Plants,22.0,32.0,5.0,6.5,General,False,False,central_zone,General (all zones),,
Chittadalotakam,General (all zones),Medicinal and Aromatic Plants,22.0,32.0,5.0,6.5,General,False,False,northern_zone,General (all zones),,
Chittadalotakam,General (all zones),Medicinal and Aromatic Plants,22.0,32.0,5.0,6.5,General,False,False,high_ranges,General (all zones),,
Chittaratha,General (all zones),Medicinal and Aromatic Plants,22.0,32.0,5.0,6.5,Rainfed crop planted with onset of monsoon in May-June; irrigated crop can be planted at any time,False,False,coastal_zone,General (all zones),southwest_monsoon;dry_season,Black soil (Chittoor black soil) / red loam
Chittaratha,General (all zones),Medicinal and Aromatic Plants,22.0,32.0,5.0,6.5,Rainfed crop planted with onset of monsoon in May-June; irrigated crop can be planted at any time,False,False,southern_zone,General (all zones),southwest_monsoon;dry_season,Black soil (Chittoor black soil) / red loam
Chittaratha,General (all zones),Medicinal and Aromatic Plants,22.0,32.0,5.0,6.5,Rainfed crop planted with onset of monsoon in May-June; irrigated crop can be planted at any time,False,False,central_zone,General (all zones),southwest_monsoon;dry_season,Black soil (Chittoor black soil) / red loam
Chittaratha,General (all zones),Medicinal and Aromatic Plants,22.0,32.0,5.0,6.5,Rainfed crop planted with onset of monsoon in May-June; irrigated crop can be planted at any time,False,False,northern_zone,General (all zones),southwest_monsoon;dry_season,Black soil (Chittoor black soil) / red loam
Chittaratha,General (all zones),Medicinal and Aromatic Plants,22.0,32.0,5.0,6.5,Rainfed crop planted with onset of monsoon in May-June; irrigated crop can be planted at any time,False,False,high_ranges,General (all zones),southwest_monsoon;dry_season,Black soil (Chittoor black soil) / red loam
Cinnamon,General (all zones),Spices and Condiments,22.0,32.0,5.0,6.5,Southwest monsoon (planting of 1-2 year old seedlings in main field),False,False,coastal_zone,General (all zones),southwest_monsoon,"Coastal sandy / laterite patches;Forest loam / hill soil (acidic, high organic matter)"
Cinnamon,General (all zones),Spices and Condiments,22.0,32.0,5.0,6.5,Southwest monsoon (planting of 1-2 year old seedlings in main field),False,False,southern_zone,General (all zones),southwest_monsoon,"Coastal sandy / laterite patches;Forest loam / hill soil (acidic, high organic matter)"
Cinnamon,General (all zones),Spices and Condiments,22.0,32.0,5.0,6.5,Southwest monsoon (planting of 1-2 year old seedlings in main field),False,False,central_zone,General (all zones),southwest_monsoon,"Coastal sandy / laterite patches;Forest loam / hill soil (acidic, high organic matter)"
Cinnamon,General (all zones),Spices and Condiments,22.0,32.0,5.0,6.5,Southwest monsoon (planting of 1-2 year old seedlings in main field),False,False,northern_zone,General (all zones),southwest_monsoon,"Coastal sandy / laterite patches;Forest loam / hill soil (acidic, high organic matter)"
Cinnamon,General (all zones),Spices and Condiments,22.0,32.0,5.0,6.5,Southwest monsoon (planting of 1-2 year old seedlings in main field),False,False,high_ranges,General (all zones),southwest_monsoon,"Coastal sandy / laterite patches;Forest loam / hill soil (acidic, high organic matter)"
Clove,General (all zones),Spices and Condiments,22.0,32.0,5.0,6.5,May-June | August-September,False,False,coastal_zone,General (all zones),southwest_monsoon;dry_season,"Black soil (Chittoor black soil) / red loam;Forest loam / hill soil (acidic, high organic matter)"
Clove,General (all zones),Spices and Condiments,22.0,32.0,5.0,6.5,May-June | August-September,False,False,southern_zone,General (all zones),southwest_monsoon;dry_season,"Black soil (Chittoor black soil) / red loam;Forest loam / hill soil (acidic, high organic matter)"
Clove,General (all zones),Spices and Condiments,22.0,32.0,5.0,6.5,May-June | August-September,False,False,central_zone,General (all zones),southwest_monsoon;dry_season,"Black soil (Chittoor black soil) / red loam;Forest loam / hill soil (acidic, high organic matter)"
Clove,General (all zones),Spices and Condiments,22.0,32.0,5.0,6.5,May-June | August-September,False,False,northern_zone,General (all zones),southwest_monsoon;dry_season,"Black soil (Chittoor black soil) / red loam;Forest loam / hill soil (acidic, high organic matter)"
Clove,General (all zones),Spices and Condiments,22.0,32.0,5.0,6.5,May-June | August-September,False,False,high_ranges,General (all zones),southwest_monsoon;dry_season,"Black soil (Chittoor black soil) / red loam;Forest loam / hill soil (acidic, high organic matter)"
Cocoa,General (all zones),Beverages and Stimulants,10.0,38.0,6.0,6.5,"Seeds sown by December-January so that 4-6 month old seedlings are available for planting by May-June | In high rainfall zones, April sowing may be taken up so that 4 month old seedlings are available for post-monsoon planting in August",False,True,coastal_zone,General (all zones),southwest_monsoon;dry_season,"Coastal sandy / laterite patches;Forest loam / hill soil (acidic, high organic matter)"
Cocoa,General (all zones),Beverages and Stimulants,10.0,38.0,6.0,6.5,"Seeds sown by December-January so that 4-6 month old seedlings are available for planting by May-June | In high rainfall zones, April sowing may be taken up so that 4 month old seedlings are available for post-monsoon planting in August",False,True,southern_zone,General (all zones),southwest_monsoon;dry_season,"Coastal sandy / laterite patches;Forest loam / hill soil (acidic, high organic matter)"
Cocoa,General (all zones),Beverages and Stimulants,10.0,38.0,6.0,6.5,"Seeds sown by December-January so that 4-6 month old seedlings are available for planting by May-June | In high rainfall zones, April sowing may be taken up so that 4 month old seedlings are available for post-monsoon planting in August",False,True,central_zone,General (all zones),southwest_monsoon;dry_season,"Coastal sandy / laterite patches;Forest loam / hill soil (acidic, high organic matter)"
Cocoa,General (all zones),Beverages and Stimulants,10.0,38.0,6.0,6.5,"Seeds sown by December-January so that 4-6 month old seedlings are available for planting by May-June | In high rainfall zones, April sowing may be taken up so that 4 month old seedlings are available for post-monsoon planting in August",False,True,northern_zone,General (all zones),southwest_monsoon;dry_season,"Coastal sandy / laterite patches;Forest loam / hill soil (acidic, high organic matter)"
Cocoa,General (all zones),Beverages and Stimulants,10.0,38.0,6.0,6.5,"Seeds sown by December-January so that 4-6 month old seedlings are available for planting by May-June | In high rainfall zones, April sowing may be taken up so that 4 month old seedlings are available for post-monsoon planting in August",False,True,high_ranges,General (all zones),southwest_monsoon;dry_season,"Coastal sandy / laterite patches;Forest loam / hill soil (acidic, high organic matter)"
Coconut,Coastal Plain,Oil Seeds,23.0,33.0,5.0,8.0,May (planting with onset of pre-monsoon rains) | September (planting in low-lying areas after cessation of heavy rains) | May (planting),True,True,coastal_zone,Coastal Plain,southwest_monsoon;dry_season,"Coastal sandy / laterite patches;Coastal alluvium / sandy, backwater-adjacent;Laterite"
Coconut,Foothills,Oil Seeds,20.0,30.0,5.0,8.0,May (planting),True,False,northern_zone,Foothills,dry_season,
Coconut,Foothills,Oil Seeds,20.0,30.0,5.0,8.0,May (planting),True,False,central_zone,Foothills,dry_season,
Coconut,Foothills,Oil Seeds,20.0,30.0,5.0,8.0,May (planting),True,False,southern_zone,Foothills,dry_season,
Coconut,High Hills,Oil Seeds,12.0,25.0,5.0,8.0,May (planting),True,False,high_ranges,High Hills,dry_season,"Forest loam / hill soil (acidic, high organic matter)"
Coconut,Midland Laterites,Oil Seeds,23.0,32.0,5.0,8.0,May (planting) | May (planting) | April (planting under assured irrigation),True,False,northern_zone,Midland Laterites,dry_season,Laterite;Lateritic loam (transitional);Black soil (Chittoor black soil) / red loam
Coconut,Midland Laterites,Oil Seeds,23.0,32.0,5.0,8.0,May (planting) | May (planting) | April (planting under assured irrigation),True,False,central_zone,Midland Laterites,dry_season,Laterite;Lateritic loam (transitional);Black soil (Chittoor black soil) / red loam
Coconut,Midland Laterites,Oil Seeds,23.0,32.0,5.0,8.0,May (planting) | May (planting) | April (planting under assured irrigation),True,False,southern_zone,Midland Laterites,dry_season,Laterite;Lateritic loam (transitional);Black soil (Chittoor black soil) / red loam
Coconut,Palakkad Plain,Oil Seeds,24.0,36.0,5.0,8.0,May (planting),True,False,central_zone,Palakkad Plain,dry_season,
Coffee,Foothills,Beverages and Stimulants,20.0,30.0,6.0,6.5,Nursery seed sowing: February-March (Robusta),True,True,northern_zone,Foothills,dry_season,
Coffee,Foothills,Beverages and Stimulants,20.0,30.0,6.0,6.5,Nursery seed sowing: February-March (Robusta),True,True,central_zone,Foothills,dry_season,
Coffee,Foothills,Beverages and Stimulants,20.0,30.0,6.0,6.5,Nursery seed sowing: February-March (Robusta),True,True,southern_zone,Foothills,dry_season,
Coffee,General (all zones),Beverages and Stimulants,22.0,32.0,6.0,6.5,Field planting: June (rooted/bare-root plants) and September-October (bag plants),True,False,coastal_zone,General (all zones),southwest_monsoon;northeast_monsoon,
Coffee,General (all zones),Beverages and Stimulants,22.0,32.0,6.0,6.5,Field planting: June (rooted/bare-root plants) and September-October (bag plants),True,False,southern_zone,General (all zones),southwest_monsoon;northeast_monsoon,
Coffee,General (all zones),Beverages and Stimulants,22.0,32.0,6.0,6.5,Field planting: June (rooted/bare-root plants) and September-October (bag plants),True,False,central_zone,General (all zones),southwest_monsoon;northeast_monsoon,
Coffee,General (all zones),Beverages and Stimulants,22.0,32.0,6.0,6.5,Field planting: June (rooted/bare-root plants) and September-October (bag plants),True,False,northern_zone,General (all zones),southwest_monsoon;northeast_monsoon,
Coffee,General (all zones),Beverages and Stimulants,22.0,32.0,6.0,6.5,Field planting: June (rooted/bare-root plants) and September-October (bag plants),True,False,high_ranges,General (all zones),southwest_monsoon;northeast_monsoon,
Coffee,High Hills,Beverages and Stimulants,15.0,30.0,6.0,6.5,Nursery seed sowing: December-January (Arabica) | Nursery seed sowing: February-March (Robusta),True,True,high_ranges,High Hills,northeast_monsoon;dry_season,
Coleus,General (all zones),Tubers,22.0,32.0,3.5,6.5,July-October,False,False,coastal_zone,General (all zones),southwest_monsoon;northeast_monsoon,
Coleus,General (all zones),Tubers,22.0,32.0,3.5,6.5,July-October,False,False,southern_zone,General (all zones),southwest_monsoon;northeast_monsoon,
Coleus,General (all zones),Tubers,22.0,32.0,3.5,6.5,July-October,False,False,central_zone,General (all zones),southwest_monsoon;northeast_monsoon,
Coleus,General (all zones),Tubers,22.0,32.0,3.5,6.5,July-October,False,False,northern_zone,General (all zones),southwest_monsoon;northeast_monsoon,
Coleus,General (all zones),Tubers,22.0,32.0,3.5,6.5,July-October,False,False,high_ranges,General (all zones),southwest_monsoon;northeast_monsoon,
Colocasia,General (all zones),Tubers,22.0,32.0,3.5,6.5,May-June to October-November (rainfed) | Throughout the year (irrigated),False,False,coastal_zone,General (all zones),southwest_monsoon;northeast_monsoon;dry_season,
Colocasia,General (all zones),Tubers,22.0,32.0,3.5,6.5,May-June to October-November (rainfed) | Throughout the year (irrigated),False,False,southern_zone,General (all zones),southwest_monsoon;northeast_monsoon;dry_season,
Colocasia,General (all zones),Tubers,22.0,32.0,3.5,6.5,May-June to October-November (rainfed) | Throughout the year (irrigated),False,False,central_zone,General (all zones),southwest_monsoon;northeast_monsoon;dry_season,
Colocasia,General (all zones),Tubers,22.0,32.0,3.5,6.5,May-June to October-November (rainfed) | Throughout the year (irrigated),False,False,northern_zone,General (all zones),southwest_monsoon;northeast_monsoon;dry_season,
Colocasia,General (all zones),Tubers,22.0,32.0,3.5,6.5,May-June to October-November (rainfed) | Throughout the year (irrigated),False,False,high_ranges,General (all zones),southwest_monsoon;northeast_monsoon;dry_season,
Congosignal grass,General (all zones),Fodder Crops,22.0,32.0,5.0,6.5,May-June and September-October (with onset of rains),False,False,coastal_zone,General (all zones),southwest_monsoon;northeast_monsoon;dry_season,
Congosignal grass,General (all zones),Fodder Crops,22.0,32.0,5.0,6.5,May-June and September-October (with onset of rains),False,False,southern_zone,General (all zones),southwest_monsoon;northeast_monsoon;dry_season,
Congosignal grass,General (all zones),Fodder Crops,22.0,32.0,5.0,6.5,May-June and September-October (with onset of rains),False,False,central_zone,General (all zones),southwest_monsoon;northeast_monsoon;dry_season,
Congosignal grass,General (all zones),Fodder Crops,22.0,32.0,5.0,6.5,May-June and September-October (with onset of rains),False,False,northern_zone,General (all zones),southwest_monsoon;northeast_monsoon;dry_season,
Congosignal grass,General (all zones),Fodder Crops,22.0,32.0,5.0,6.5,May-June and September-October (with onset of rains),False,False,high_ranges,General (all zones),southwest_monsoon;northeast_monsoon;dry_season,
Cotton,General (all zones),Commercial Crops,22.0,32.0,5.0,6.5,Winter crop (August-September) | Summer crop (February-March),False,False,coastal_zone,General (all zones),southwest_monsoon;northeast_monsoon;dry_season,
Cotton,General (all zones),Commercial Crops,22.0,32.0,5.0,6.5,Winter crop (August-September) | Summer crop (February-March),False,False,southern_zone,General (all zones),southwest_monsoon;northeast_monsoon;dry_season,
Cotton,General (all zones),Commercial Crops,22.0,32.0,5.0,6.5,Winter crop (August-September) | Summer crop (February-March),False,False,central_zone,General (all zones),southwest_monsoon;northeast_monsoon;dry_season,
Cotton,General (all zones),Commercial Crops,22.0,32.0,5.0,6.5,Winter crop (August-September) | Summer crop (February-March),False,False,northern_zone,General (all zones),southwest_monsoon;northeast_monsoon;dry_season,
Cotton,General (all zones),Commercial Crops,22.0,32.0,5.0,6.5,Winter crop (August-September) | Summer crop (February-March),False,False,high_ranges,General (all zones),southwest_monsoon;northeast_monsoon;dry_season,
Cowpea,General (all zones),Pulses,22.0,32.0,5.0,6.5,"Kharif (rainfed,  with pre-monsoon showers) | Rabi (September-December) | Summer (after paddy harvest)",False,False,coastal_zone,General (all zones),southwest_monsoon;northeast_monsoon;dry_season,
Cowpea,General (all zones),Pulses,22.0,32.0,5.0,6.5,"Kharif (rainfed,  with pre-monsoon showers) | Rabi (September-December) | Summer (after paddy harvest)",False,False,southern_zone,General (all zones),southwest_monsoon;northeast_monsoon;dry_season,
Cowpea,General (all zones),Pulses,22.0,32.0,5.0,6.5,"Kharif (rainfed,  with pre-monsoon showers) | Rabi (September-December) | Summer (after paddy harvest)",False,False,central_zone,General (all zones),southwest_monsoon;northeast_monsoon;dry_season,
Cowpea,General (all zones),Pulses,22.0,32.0,5.0,6.5,"Kharif (rainfed,  with pre-monsoon showers) | Rabi (September-December) | Summer (after paddy harvest)",False,False,northern_zone,General (all zones),southwest_monsoon;northeast_monsoon;dry_season,
Cowpea,General (all zones),Pulses,22.0,32.0,5.0,6.5,"Kharif (rainfed,  with pre-monsoon showers) | Rabi (September-December) | Summer (after paddy harvest)",False,False,high_ranges,General (all zones),southwest_monsoon;northeast_monsoon;dry_season,
Crossandra,General (all zones),Ornamental Plants,22.0,32.0,6.0,7.5,,True,False,coastal_zone,General (all zones),,
Crossandra,General (all zones),Ornamental Plants,22.0,32.0,6.0,7.5,,True,False,southern_zone,General (all zones),,
Crossandra,General (all zones),Ornamental Plants,22.0,32.0,6.0,7.5,,True,False,central_zone,General (all zones),,
Crossandra,General (all zones),Ornamental Plants,22.0,32.0,6.0,7.5,,True,False,northern_zone,General (all zones),,
Crossandra,General (all zones),Ornamental Plants,22.0,32.0,6.0,7.5,,True,False,high_ranges,General (all zones),,
Cucumber and oriental pickling melon,Coastal Plain,Cucurbitaceous Vegetables,24.0,33.0,5.0,6.5,January-March; September-December,False,False,coastal_zone,Coastal Plain,dry_season,Coastal sandy / laterite patches
Cucumber and oriental pickling melon,General (all zones),Cucurbitaceous Vegetables,22.0,32.0,5.0,6.5,January-March | September-December,False,False,coastal_zone,General (all zones),dry_season,
Cucumber and oriental pickling melon,General (all zones),Cucurbitaceous Vegetables,22.0,32.0,5.0,6.5,January-March | September-December,False,False,southern_zone,General (all zones),dry_season,
Cucumber and oriental pickling melon,General (all zones),Cucurbitaceous Vegetables,22.0,32.0,5.0,6.5,January-March | September-December,False,False,central_zone,General (all zones),dry_season,
Cucumber and oriental pickling melon,General (all zones),Cucurbitaceous Vegetables,22.0,32.0,5.0,6.5,January-March | September-December,False,False,northern_zone,General (all zones),dry_season,
Cucumber and oriental pickling melon,General (all zones),Cucurbitaceous Vegetables,22.0,32.0,5.0,6.5,January-March | September-December,False,False,high_ranges,General (all zones),dry_season,
Daincha,General (all zones),Green Manure Crops,22.0,32.0,5.0,6.5,Incorporated about 8-10 weeks after sowing (S. aculeata),False,False,coastal_zone,General (all zones),,
Daincha,General (all zones),Green Manure Crops,22.0,32.0,5.0,6.5,Incorporated about 8-10 weeks after sowing (S. aculeata),False,False,southern_zone,General (all zones),,
Daincha,General (all zones),Green Manure Crops,22.0,32.0,5.0,6.5,Incorporated about 8-10 weeks after sowing (S. aculeata),False,False,central_zone,General (all zones),,
Daincha,General (all zones),Green Manure Crops,22.0,32.0,5.0,6.5,Incorporated about 8-10 weeks after sowing (S. aculeata),False,False,northern_zone,General (all zones),,
Daincha,General (all zones),Green Manure Crops,22.0,32.0,5.0,6.5,Incorporated about 8-10 weeks after sowing (S. aculeata),False,False,high_ranges,General (all zones),,
Danthappala,General (all zones),Medicinal and Aromatic Plants,22.0,32.0,5.0,6.5,General,False,False,coastal_zone,General (all zones),,Laterite
Danthappala,General (all zones),Medicinal and Aromatic Plants,22.0,32.0,5.0,6.5,General,False,False,southern_zone,General (all zones),,Laterite
Danthappala,General (all zones),Medicinal and Aromatic Plants,22.0,32.0,5.0,6.5,General,False,False,central_zone,General (all zones),,Laterite
Danthappala,General (all zones),Medicinal and Aromatic Plants,22.0,32.0,5.0,6.5,General,False,False,northern_zone,General (all zones),,Laterite
Danthappala,General (all zones),Medicinal and Aromatic Plants,22.0,32.0,5.0,6.5,General,False,False,high_ranges,General (all zones),,Laterite
Elephant foot yam,General (all zones),Tubers,22.0,32.0,3.5,6.5,February-March,False,False,coastal_zone,General (all zones),dry_season,
Elephant foot yam,General (all zones),Tubers,22.0,32.0,3.5,6.5,February-March,False,False,southern_zone,General (all zones),dry_season,
Elephant foot yam,General (all zones),Tubers,22.0,32.0,3.5,6.5,February-March,False,False,central_zone,General (all zones),dry_season,
Elephant foot yam,General (all zones),Tubers,22.0,32.0,3.5,6.5,February-March,False,False,northern_zone,General (all zones),dry_season,
Elephant foot yam,General (all zones),Tubers,22.0,32.0,3.5,6.5,February-March,False,False,high_ranges,General (all zones),dry_season,
Eucalyptus,General (all zones),Medicinal and Aromatic Plants,22.0,32.0,5.0,6.5,General (planted with onset of SW monsoon),False,False,coastal_zone,General (all zones),southwest_monsoon,
Eucalyptus,General (all zones),Medicinal and Aromatic Plants,22.0,32.0,5.0,6.5,General (planted with onset of SW monsoon),False,False,southern_zone,General (all zones),southwest_monsoon,
Eucalyptus,General (all zones),Medicinal and Aromatic Plants,22.0,32.0,5.0,6.5,General (planted with onset of SW monsoon),False,False,central_zone,General (all zones),southwest_monsoon,
Eucalyptus,General (all zones),Medicinal and Aromatic Plants,22.0,32.0,5.0,6.5,General (planted with onset of SW monsoon),False,False,northern_zone,General (all zones),southwest_monsoon,
Eucalyptus,General (all zones),Medicinal and Aromatic Plants,22.0,32.0,5.0,6.5,General (planted with onset of SW monsoon),False,False,high_ranges,General (all zones),southwest_monsoon,
Eucalyptus,Midland Laterites,Agroforestry,23.0,32.0,5.0,6.5,Beginning of rains (planting),False,False,northern_zone,Midland Laterites,,"Coastal alluvium / sandy, backwater-adjacent"
Eucalyptus,Midland Laterites,Agroforestry,23.0,32.0,5.0,6.5,Beginning of rains (planting),False,False,central_zone,Midland Laterites,,"Coastal alluvium / sandy, backwater-adjacent"
Eucalyptus,Midland Laterites,Agroforestry,23.0,32.0,5.0,6.5,Beginning of rains (planting),False,False,southern_zone,Midland Laterites,,"Coastal alluvium / sandy, backwater-adjacent"
Fodder cowpea,General (all zones),Fodder Crops,23.0,31.0,5.0,6.5,Rainfed crop during May; raised as summer crop in rice fallows in Kerala; can be grown in any month with irrigation facilities,True,True,coastal_zone,General (all zones),southwest_monsoon;dry_season,
Fodder cowpea,General (all zones),Fodder Crops,23.0,31.0,5.0,6.5,Rainfed crop during May; raised as summer crop in rice fallows in Kerala; can be grown in any month with irrigation facilities,True,True,southern_zone,General (all zones),southwest_monsoon;dry_season,
Fodder cowpea,General (all zones),Fodder Crops,23.0,31.0,5.0,6.5,Rainfed crop during May; raised as summer crop in rice fallows in Kerala; can be grown in any month with irrigation facilities,True,True,central_zone,General (all zones),southwest_monsoon;dry_season,
Fodder cowpea,General (all zones),Fodder Crops,23.0,31.0,5.0,6.5,Rainfed crop during May; raised as summer crop in rice fallows in Kerala; can be grown in any month with irrigation facilities,True,True,northern_zone,General (all zones),southwest_monsoon;dry_season,
Fodder cowpea,General (all zones),Fodder Crops,23.0,31.0,5.0,6.5,Rainfed crop during May; raised as summer crop in rice fallows in Kerala; can be grown in any month with irrigation facilities,True,True,high_ranges,General (all zones),southwest_monsoon;dry_season,
Fodder maize,General (all zones),Fodder Crops,22.0,32.0,5.0,6.5,"Last week of June to second week of July, and September to October; can be raised throughout the year where irrigation facilities are available",False,False,coastal_zone,General (all zones),southwest_monsoon;northeast_monsoon,
Fodder maize,General (all zones),Fodder Crops,22.0,32.0,5.0,6.5,"Last week of June to second week of July, and September to October; can be raised throughout the year where irrigation facilities are available",False,False,southern_zone,General (all zones),southwest_monsoon;northeast_monsoon,
Fodder maize,General (all zones),Fodder Crops,22.0,32.0,5.0,6.5,"Last week of June to second week of July, and September to October; can be raised throughout the year where irrigation facilities are available",False,False,central_zone,General (all zones),southwest_monsoon;northeast_monsoon,
Fodder maize,General (all zones),Fodder Crops,22.0,32.0,5.0,6.5,"Last week of June to second week of July, and September to October; can be raised throughout the year where irrigation facilities are available",False,False,northern_zone,General (all zones),southwest_monsoon;northeast_monsoon,
Fodder maize,General (all zones),Fodder Crops,22.0,32.0,5.0,6.5,"Last week of June to second week of July, and September to October; can be raised throughout the year where irrigation facilities are available",False,False,high_ranges,General (all zones),southwest_monsoon;northeast_monsoon,
Fodder sorghum,General (all zones),Fodder Crops,22.0,32.0,5.0,6.5,Can be raised during both monsoons,False,False,coastal_zone,General (all zones),southwest_monsoon,
Fodder sorghum,General (all zones),Fodder Crops,22.0,32.0,5.0,6.5,Can be raised during both monsoons,False,False,southern_zone,General (all zones),southwest_monsoon,
Fodder sorghum,General (all zones),Fodder Crops,22.0,32.0,5.0,6.5,Can be raised during both monsoons,False,False,central_zone,General (all zones),southwest_monsoon,
Fodder sorghum,General (all zones),Fodder Crops,22.0,32.0,5.0,6.5,Can be raised during both monsoons,False,False,northern_zone,General (all zones),southwest_monsoon,
Fodder sorghum,General (all zones),Fodder Crops,22.0,32.0,5.0,6.5,Can be raised during both monsoons,False,False,high_ranges,General (all zones),southwest_monsoon,
French bean,High Hills,Pulses,12.0,25.0,5.0,6.5,"Throughout the year (high ranges,  elevation above 1000 m)",False,False,high_ranges,High Hills,,Coastal sandy / laterite patches
Gamba grass,General (all zones),Fodder Crops,22.0,32.0,5.0,6.5,General,False,False,coastal_zone,General (all zones),,
Gamba grass,General (all zones),Fodder Crops,22.0,32.0,5.0,6.5,General,False,False,southern_zone,General (all zones),,
Gamba grass,General (all zones),Fodder Crops,22.0,32.0,5.0,6.5,General,False,False,central_zone,General (all zones),,
Gamba grass,General (all zones),Fodder Crops,22.0,32.0,5.0,6.5,General,False,False,northern_zone,General (all zones),,
Gamba grass,General (all zones),Fodder Crops,22.0,32.0,5.0,6.5,General,False,False,high_ranges,General (all zones),,
Garlic,High Hills,Cool Season Vegetables,12.0,25.0,5.2,7.0,April-May | October-November,False,False,high_ranges,High Hills,northeast_monsoon;dry_season,
Ginger,Midland Laterites,Spices and Condiments,23.0,32.0,5.0,6.5,"First fortnight of April, after receipt of pre-monsoon showers (rainfed) | Middle of February (irrigated, for vegetable ginger)",False,False,northern_zone,Midland Laterites,southwest_monsoon;dry_season,"Forest loam / hill soil (acidic, high organic matter)"
Ginger,Midland Laterites,Spices and Condiments,23.0,32.0,5.0,6.5,"First fortnight of April, after receipt of pre-monsoon showers (rainfed) | Middle of February (irrigated, for vegetable ginger)",False,False,central_zone,Midland Laterites,southwest_monsoon;dry_season,"Forest loam / hill soil (acidic, high organic matter)"
Ginger,Midland Laterites,Spices and Condiments,23.0,32.0,5.0,6.5,"First fortnight of April, after receipt of pre-monsoon showers (rainfed) | Middle of February (irrigated, for vegetable ginger)",False,False,southern_zone,Midland Laterites,southwest_monsoon;dry_season,"Forest loam / hill soil (acidic, high organic matter)"
Gladiolus,General (all zones),Ornamental Plants,22.0,32.0,5.5,6.5,September-November,True,False,coastal_zone,General (all zones),northeast_monsoon,
Gladiolus,General (all zones),Ornamental Plants,22.0,32.0,5.5,6.5,September-November,True,False,southern_zone,General (all zones),northeast_monsoon,
Gladiolus,General (all zones),Ornamental Plants,22.0,32.0,5.5,6.5,September-November,True,False,central_zone,General (all zones),northeast_monsoon,
Gladiolus,General (all zones),Ornamental Plants,22.0,32.0,5.5,6.5,September-November,True,False,northern_zone,General (all zones),northeast_monsoon,
Gladiolus,General (all zones),Ornamental Plants,22.0,32.0,5.5,6.5,September-November,True,False,high_ranges,General (all zones),northeast_monsoon,
Gliricidia,General (all zones),Green Leaf Manure Crops,22.0,32.0,5.0,6.5,General,False,False,coastal_zone,General (all zones),,
Gliricidia,General (all zones),Green Leaf Manure Crops,22.0,32.0,5.0,6.5,General,False,False,southern_zone,General (all zones),,
Gliricidia,General (all zones),Green Leaf Manure Crops,22.0,32.0,5.0,6.5,General,False,False,central_zone,General (all zones),,
Gliricidia,General (all zones),Green Leaf Manure Crops,22.0,32.0,5.0,6.5,General,False,False,northern_zone,General (all zones),,
Gliricidia,General (all zones),Green Leaf Manure Crops,22.0,32.0,5.0,6.5,General,False,False,high_ranges,General (all zones),,
Greater yam,General (all zones),Tubers,26.0,34.0,3.5,6.5,March-April,False,False,coastal_zone,General (all zones),dry_season,
Greater yam,General (all zones),Tubers,26.0,34.0,3.5,6.5,March-April,False,False,southern_zone,General (all zones),dry_season,
Greater yam,General (all zones),Tubers,26.0,34.0,3.5,6.5,March-April,False,False,central_zone,General (all zones),dry_season,
Greater yam,General (all zones),Tubers,26.0,34.0,3.5,6.5,March-April,False,False,northern_zone,General (all zones),dry_season,
Greater yam,General (all zones),Tubers,26.0,34.0,3.5,6.5,March-April,False,False,high_ranges,General (all zones),dry_season,
Green gram,General (all zones),Pulses,22.0,32.0,5.0,6.5,Rice fallow (after first or second paddy crop),False,False,coastal_zone,General (all zones),,
Green gram,General (all zones),Pulses,22.0,32.0,5.0,6.5,Rice fallow (after first or second paddy crop),False,False,southern_zone,General (all zones),,
Green gram,General (all zones),Pulses,22.0,32.0,5.0,6.5,Rice fallow (after first or second paddy crop),False,False,central_zone,General (all zones),,
Green gram,General (all zones),Pulses,22.0,32.0,5.0,6.5,Rice fallow (after first or second paddy crop),False,False,northern_zone,General (all zones),,
Green gram,General (all zones),Pulses,22.0,32.0,5.0,6.5,Rice fallow (after first or second paddy crop),False,False,high_ranges,General (all zones),,
Green pea,High Hills,Pulses,12.0,25.0,5.0,6.5,Rabi (October-November),False,False,high_ranges,High Hills,northeast_monsoon,Laterite
Groundnut,General (all zones),Oil Seeds,22.0,32.0,5.0,8.0,Rainfed: May-June to September-October | Irrigated: January to May,False,False,coastal_zone,General (all zones),southwest_monsoon;northeast_monsoon;dry_season,Coastal sandy / laterite patches
Groundnut,General (all zones),Oil Seeds,22.0,32.0,5.0,8.0,Rainfed: May-June to September-October | Irrigated: January to May,False,False,southern_zone,General (all zones),southwest_monsoon;northeast_monsoon;dry_season,Coastal sandy / laterite patches
Groundnut,General (all zones),Oil Seeds,22.0,32.0,5.0,8.0,Rainfed: May-June to September-October | Irrigated: January to May,False,False,central_zone,General (all zones),southwest_monsoon;northeast_monsoon;dry_season,Coastal sandy / laterite patches
Groundnut,General (all zones),Oil Seeds,22.0,32.0,5.0,8.0,Rainfed: May-June to September-October | Irrigated: January to May,False,False,northern_zone,General (all zones),southwest_monsoon;northeast_monsoon;dry_season,Coastal sandy / laterite patches
Groundnut,General (all zones),Oil Seeds,22.0,32.0,5.0,8.0,Rainfed: May-June to September-October | Irrigated: January to May,False,False,high_ranges,General (all zones),southwest_monsoon;northeast_monsoon;dry_season,Coastal sandy / laterite patches
Guava,General (all zones),Fruits,22.0,32.0,5.9,6.5,June-July (planting),False,False,coastal_zone,General (all zones),southwest_monsoon,Coastal sandy / laterite patches
Guava,General (all zones),Fruits,22.0,32.0,5.9,6.5,June-July (planting),False,False,southern_zone,General (all zones),southwest_monsoon,Coastal sandy / laterite patches
Guava,General (all zones),Fruits,22.0,32.0,5.9,6.5,June-July (planting),False,False,central_zone,General (all zones),southwest_monsoon,Coastal sandy / laterite patches
Guava,General (all zones),Fruits,22.0,32.0,5.9,6.5,June-July (planting),False,False,northern_zone,General (all zones),southwest_monsoon,Coastal sandy / laterite patches
Guava,General (all zones),Fruits,22.0,32.0,5.9,6.5,June-July (planting),False,False,high_ranges,General (all zones),southwest_monsoon,Coastal sandy / laterite patches
Guinea grass,General (all zones),Fodder Crops,34.0,42.0,5.0,6.5,"Onset of south west monsoon (May-June); as irrigated crop, any time of year",False,True,coastal_zone,General (all zones),southwest_monsoon;dry_season,
Guinea grass,General (all zones),Fodder Crops,34.0,42.0,5.0,6.5,"Onset of south west monsoon (May-June); as irrigated crop, any time of year",False,True,southern_zone,General (all zones),southwest_monsoon;dry_season,
Guinea grass,General (all zones),Fodder Crops,34.0,42.0,5.0,6.5,"Onset of south west monsoon (May-June); as irrigated crop, any time of year",False,True,central_zone,General (all zones),southwest_monsoon;dry_season,
Guinea grass,General (all zones),Fodder Crops,34.0,42.0,5.0,6.5,"Onset of south west monsoon (May-June); as irrigated crop, any time of year",False,True,northern_zone,General (all zones),southwest_monsoon;dry_season,
Guinea grass,General (all zones),Fodder Crops,34.0,42.0,5.0,6.5,"Onset of south west monsoon (May-June); as irrigated crop, any time of year",False,True,high_ranges,General (all zones),southwest_monsoon;dry_season,
Hedge lucerne,General (all zones),Fodder Crops,22.0,32.0,5.0,6.5,General,False,False,coastal_zone,General (all zones),,
Hedge lucerne,General (all zones),Fodder Crops,22.0,32.0,5.0,6.5,General,False,False,southern_zone,General (all zones),,
Hedge lucerne,General (all zones),Fodder Crops,22.0,32.0,5.0,6.5,General,False,False,central_zone,General (all zones),,
Hedge lucerne,General (all zones),Fodder Crops,22.0,32.0,5.0,6.5,General,False,False,northern_zone,General (all zones),,
Hedge lucerne,General (all zones),Fodder Crops,22.0,32.0,5.0,6.5,General,False,False,high_ranges,General (all zones),,
Horse gram,General (all zones),Pulses,22.0,32.0,5.0,6.5,Rabi (September-October),False,False,coastal_zone,General (all zones),northeast_monsoon,
Horse gram,General (all zones),Pulses,22.0,32.0,5.0,6.5,Rabi (September-October),False,False,southern_zone,General (all zones),northeast_monsoon,
Horse gram,General (all zones),Pulses,22.0,32.0,5.0,6.5,Rabi (September-October),False,False,central_zone,General (all zones),northeast_monsoon,
Horse gram,General (all zones),Pulses,22.0,32.0,5.0,6.5,Rabi (September-October),False,False,northern_zone,General (all zones),northeast_monsoon,
Horse gram,General (all zones),Pulses,22.0,32.0,5.0,6.5,Rabi (September-October),False,False,high_ranges,General (all zones),northeast_monsoon,
Hybrid napier,General (all zones),Fodder Crops,27.0,35.0,5.0,6.5,Onset of southwest monsoon,False,False,coastal_zone,General (all zones),southwest_monsoon,Coastal sandy / laterite patches
Hybrid napier,General (all zones),Fodder Crops,27.0,35.0,5.0,6.5,Onset of southwest monsoon,False,False,southern_zone,General (all zones),southwest_monsoon,Coastal sandy / laterite patches
Hybrid napier,General (all zones),Fodder Crops,27.0,35.0,5.0,6.5,Onset of southwest monsoon,False,False,central_zone,General (all zones),southwest_monsoon,Coastal sandy / laterite patches
Hybrid napier,General (all zones),Fodder Crops,27.0,35.0,5.0,6.5,Onset of southwest monsoon,False,False,northern_zone,General (all zones),southwest_monsoon,Coastal sandy / laterite patches
Hybrid napier,General (all zones),Fodder Crops,27.0,35.0,5.0,6.5,Onset of southwest monsoon,False,False,high_ranges,General (all zones),southwest_monsoon,Coastal sandy / laterite patches
Indian gooseberry,General (all zones),Fruits,22.0,32.0,5.9,6.5,Rainy season (planting of seedlings),False,False,coastal_zone,General (all zones),,
Indian gooseberry,General (all zones),Fruits,22.0,32.0,5.9,6.5,Rainy season (planting of seedlings),False,False,southern_zone,General (all zones),,
Indian gooseberry,General (all zones),Fruits,22.0,32.0,5.9,6.5,Rainy season (planting of seedlings),False,False,central_zone,General (all zones),,
Indian gooseberry,General (all zones),Fruits,22.0,32.0,5.9,6.5,Rainy season (planting of seedlings),False,False,northern_zone,General (all zones),,
Indian gooseberry,General (all zones),Fruits,22.0,32.0,5.9,6.5,Rainy season (planting of seedlings),False,False,high_ranges,General (all zones),,
Indigo,General (all zones),Green Manure Crops,22.0,32.0,5.0,6.5,General,False,False,coastal_zone,General (all zones),,
Indigo,General (all zones),Green Manure Crops,22.0,32.0,5.0,6.5,General,False,False,southern_zone,General (all zones),,
Indigo,General (all zones),Green Manure Crops,22.0,32.0,5.0,6.5,General,False,False,central_zone,General (all zones),,
Indigo,General (all zones),Green Manure Crops,22.0,32.0,5.0,6.5,General,False,False,northern_zone,General (all zones),,
Indigo,General (all zones),Green Manure Crops,22.0,32.0,5.0,6.5,General,False,False,high_ranges,General (all zones),,
Irul,Foothills,Agroforestry,20.0,30.0,5.0,6.5,General (all zones),False,False,northern_zone,Foothills,,Laterite
Irul,Foothills,Agroforestry,20.0,30.0,5.0,6.5,General (all zones),False,False,central_zone,Foothills,,Laterite
Irul,Foothills,Agroforestry,20.0,30.0,5.0,6.5,General (all zones),False,False,southern_zone,Foothills,,Laterite
Jack,General (all zones),Fruits,22.0,32.0,5.9,6.5,Onset of monsoon showers (planting of grafts),False,False,coastal_zone,General (all zones),southwest_monsoon,
Jack,General (all zones),Fruits,22.0,32.0,5.9,6.5,Onset of monsoon showers (planting of grafts),False,False,southern_zone,General (all zones),southwest_monsoon,
Jack,General (all zones),Fruits,22.0,32.0,5.9,6.5,Onset of monsoon showers (planting of grafts),False,False,central_zone,General (all zones),southwest_monsoon,
Jack,General (all zones),Fruits,22.0,32.0,5.9,6.5,Onset of monsoon showers (planting of grafts),False,False,northern_zone,General (all zones),southwest_monsoon,
Jack,General (all zones),Fruits,22.0,32.0,5.9,6.5,Onset of monsoon showers (planting of grafts),False,False,high_ranges,General (all zones),southwest_monsoon,
Jasmine,General (all zones),Ornamental Plants,22.0,32.0,5.6,6.5,June-August,False,False,coastal_zone,General (all zones),southwest_monsoon,
Jasmine,General (all zones),Ornamental Plants,22.0,32.0,5.6,6.5,June-August,False,False,southern_zone,General (all zones),southwest_monsoon,
Jasmine,General (all zones),Ornamental Plants,22.0,32.0,5.6,6.5,June-August,False,False,central_zone,General (all zones),southwest_monsoon,
Jasmine,General (all zones),Ornamental Plants,22.0,32.0,5.6,6.5,June-August,False,False,northern_zone,General (all zones),southwest_monsoon,
Jasmine,General (all zones),Ornamental Plants,22.0,32.0,5.6,6.5,June-August,False,False,high_ranges,General (all zones),southwest_monsoon,
Jeevakom,High Hills,Medicinal and Aromatic Plants,12.0,25.0,5.0,6.5,May-June (with receipt of summer showers),False,False,high_ranges,High Hills,southwest_monsoon;dry_season,
Kacholam,General (all zones),Medicinal and Aromatic Plants,22.0,32.0,5.0,6.5,Planting in May (pre-monsoon showers),False,False,coastal_zone,General (all zones),southwest_monsoon;dry_season,Laterite
Kacholam,General (all zones),Medicinal and Aromatic Plants,22.0,32.0,5.0,6.5,Planting in May (pre-monsoon showers),False,False,southern_zone,General (all zones),southwest_monsoon;dry_season,Laterite
Kacholam,General (all zones),Medicinal and Aromatic Plants,22.0,32.0,5.0,6.5,Planting in May (pre-monsoon showers),False,False,central_zone,General (all zones),southwest_monsoon;dry_season,Laterite
Kacholam,General (all zones),Medicinal and Aromatic Plants,22.0,32.0,5.0,6.5,Planting in May (pre-monsoon showers),False,False,northern_zone,General (all zones),southwest_monsoon;dry_season,Laterite
Kacholam,General (all zones),Medicinal and Aromatic Plants,22.0,32.0,5.0,6.5,Planting in May (pre-monsoon showers),False,False,high_ranges,General (all zones),southwest_monsoon;dry_season,Laterite
Kampakam,High Hills,Agroforestry,12.0,25.0,5.0,6.5,Onset of monsoon (planting); sowing soon after seed collection,False,False,high_ranges,High Hills,southwest_monsoon,
Kanjiram,General (all zones),Medicinal and Aromatic Plants,22.0,32.0,5.0,6.5,Planted with onset of SW monsoon in May-June,False,False,coastal_zone,General (all zones),southwest_monsoon;dry_season,"Coastal sandy / laterite patches;Coastal alluvium / sandy, backwater-adjacent;Laterite"
Kanjiram,General (all zones),Medicinal and Aromatic Plants,22.0,32.0,5.0,6.5,Planted with onset of SW monsoon in May-June,False,False,southern_zone,General (all zones),southwest_monsoon;dry_season,"Coastal sandy / laterite patches;Coastal alluvium / sandy, backwater-adjacent;Laterite"
Kanjiram,General (all zones),Medicinal and Aromatic Plants,22.0,32.0,5.0,6.5,Planted with onset of SW monsoon in May-June,False,False,central_zone,General (all zones),southwest_monsoon;dry_season,"Coastal sandy / laterite patches;Coastal alluvium / sandy, backwater-adjacent;Laterite"
Kanjiram,General (all zones),Medicinal and Aromatic Plants,22.0,32.0,5.0,6.5,Planted with onset of SW monsoon in May-June,False,False,northern_zone,General (all zones),southwest_monsoon;dry_season,"Coastal sandy / laterite patches;Coastal alluvium / sandy, backwater-adjacent;Laterite"
Kanjiram,General (all zones),Medicinal and Aromatic Plants,22.0,32.0,5.0,6.5,Planted with onset of SW monsoon in May-June,False,False,high_ranges,General (all zones),southwest_monsoon;dry_season,"Coastal sandy / laterite patches;Coastal alluvium / sandy, backwater-adjacent;Laterite"
Karinochi,General (all zones),Medicinal and Aromatic Plants,22.0,32.0,5.0,6.5,General,False,False,coastal_zone,General (all zones),,
Karinochi,General (all zones),Medicinal and Aromatic Plants,22.0,32.0,5.0,6.5,General,False,False,southern_zone,General (all zones),,
Karinochi,General (all zones),Medicinal and Aromatic Plants,22.0,32.0,5.0,6.5,General,False,False,central_zone,General (all zones),,
Karinochi,General (all zones),Medicinal and Aromatic Plants,22.0,32.0,5.0,6.5,General,False,False,northern_zone,General (all zones),,
Karinochi,General (all zones),Medicinal and Aromatic Plants,22.0,32.0,5.0,6.5,General,False,False,high_ranges,General (all zones),,
Kasthurimanjal,General (all zones),Medicinal and Aromatic Plants,22.0,32.0,5.0,6.5,General,False,False,coastal_zone,General (all zones),,
Kasthurimanjal,General (all zones),Medicinal and Aromatic Plants,22.0,32.0,5.0,6.5,General,False,False,southern_zone,General (all zones),,
Kasthurimanjal,General (all zones),Medicinal and Aromatic Plants,22.0,32.0,5.0,6.5,General,False,False,central_zone,General (all zones),,
Kasthurimanjal,General (all zones),Medicinal and Aromatic Plants,22.0,32.0,5.0,6.5,General,False,False,northern_zone,General (all zones),,
Kasthurimanjal,General (all zones),Medicinal and Aromatic Plants,22.0,32.0,5.0,6.5,General,False,False,high_ranges,General (all zones),,
Kattarvazha,General (all zones),Medicinal and Aromatic Plants,22.0,32.0,5.0,6.5,General,False,False,coastal_zone,General (all zones),,
Kattarvazha,General (all zones),Medicinal and Aromatic Plants,22.0,32.0,5.0,6.5,General,False,False,southern_zone,General (all zones),,
Kattarvazha,General (all zones),Medicinal and Aromatic Plants,22.0,32.0,5.0,6.5,General,False,False,central_zone,General (all zones),,
Kattarvazha,General (all zones),Medicinal and Aromatic Plants,22.0,32.0,5.0,6.5,General,False,False,northern_zone,General (all zones),,
Kattarvazha,General (all zones),Medicinal and Aromatic Plants,22.0,32.0,5.0,6.5,General,False,False,high_ranges,General (all zones),,
Koovalam,General (all zones),Medicinal and Aromatic Plants,22.0,32.0,5.0,6.5,General,False,False,coastal_zone,General (all zones),,
Koovalam,General (all zones),Medicinal and Aromatic Plants,22.0,32.0,5.0,6.5,General,False,False,southern_zone,General (all zones),,
Koovalam,General (all zones),Medicinal and Aromatic Plants,22.0,32.0,5.0,6.5,General,False,False,central_zone,General (all zones),,
Koovalam,General (all zones),Medicinal and Aromatic Plants,22.0,32.0,5.0,6.5,General,False,False,northern_zone,General (all zones),,
Koovalam,General (all zones),Medicinal and Aromatic Plants,22.0,32.0,5.0,6.5,General,False,False,high_ranges,General (all zones),,
Kurumthotti,General (all zones),Medicinal and Aromatic Plants,22.0,32.0,5.0,6.5,September-October (planting),False,False,coastal_zone,General (all zones),northeast_monsoon,
Kurumthotti,General (all zones),Medicinal and Aromatic Plants,22.0,32.0,5.0,6.5,September-October (planting),False,False,southern_zone,General (all zones),northeast_monsoon,
Kurumthotti,General (all zones),Medicinal and Aromatic Plants,22.0,32.0,5.0,6.5,September-October (planting),False,False,central_zone,General (all zones),northeast_monsoon,
Kurumthotti,General (all zones),Medicinal and Aromatic Plants,22.0,32.0,5.0,6.5,September-October (planting),False,False,northern_zone,General (all zones),northeast_monsoon,
Kurumthotti,General (all zones),Medicinal and Aromatic Plants,22.0,32.0,5.0,6.5,September-October (planting),False,False,high_ranges,General (all zones),northeast_monsoon,
kuruvi-test-crop,Palakkad Plain,,20.0,20.0,5.0,5.0,,True,True,central_zone,Palakkad Plain,,
Lemongrass,General (all zones),Medicinal and Aromatic Plants,22.0,32.0,5.0,6.5,Nursery sown April-May; transplanted with onset of SW monsoon (June-July),False,False,coastal_zone,General (all zones),southwest_monsoon;dry_season,Lateritic loam (transitional)
Lemongrass,General (all zones),Medicinal and Aromatic Plants,22.0,32.0,5.0,6.5,Nursery sown April-May; transplanted with onset of SW monsoon (June-July),False,False,southern_zone,General (all zones),southwest_monsoon;dry_season,Lateritic loam (transitional)
Lemongrass,General (all zones),Medicinal and Aromatic Plants,22.0,32.0,5.0,6.5,Nursery sown April-May; transplanted with onset of SW monsoon (June-July),False,False,central_zone,General (all zones),southwest_monsoon;dry_season,Lateritic loam (transitional)
Lemongrass,General (all zones),Medicinal and Aromatic Plants,22.0,32.0,5.0,6.5,Nursery sown April-May; transplanted with onset of SW monsoon (June-July),False,False,northern_zone,General (all zones),southwest_monsoon;dry_season,Lateritic loam (transitional)
Lemongrass,General (all zones),Medicinal and Aromatic Plants,22.0,32.0,5.0,6.5,Nursery sown April-May; transplanted with onset of SW monsoon (June-July),False,False,high_ranges,General (all zones),southwest_monsoon;dry_season,Lateritic loam (transitional)
Lesser yam,General (all zones),Tubers,22.0,32.0,3.5,6.5,March-April,False,False,coastal_zone,General (all zones),dry_season,
Lesser yam,General (all zones),Tubers,22.0,32.0,3.5,6.5,March-April,False,False,southern_zone,General (all zones),dry_season,
Lesser yam,General (all zones),Tubers,22.0,32.0,3.5,6.5,March-April,False,False,central_zone,General (all zones),dry_season,
Lesser yam,General (all zones),Tubers,22.0,32.0,3.5,6.5,March-April,False,False,northern_zone,General (all zones),dry_season,
Lesser yam,General (all zones),Tubers,22.0,32.0,3.5,6.5,March-April,False,False,high_ranges,General (all zones),dry_season,
Mahagony,General (all zones),Agroforestry,22.0,32.0,5.0,6.5,Onset of monsoon; planting June-July,False,False,coastal_zone,General (all zones),southwest_monsoon,Laterite
Mahagony,General (all zones),Agroforestry,22.0,32.0,5.0,6.5,Onset of monsoon; planting June-July,False,False,southern_zone,General (all zones),southwest_monsoon,Laterite
Mahagony,General (all zones),Agroforestry,22.0,32.0,5.0,6.5,Onset of monsoon; planting June-July,False,False,central_zone,General (all zones),southwest_monsoon,Laterite
Mahagony,General (all zones),Agroforestry,22.0,32.0,5.0,6.5,Onset of monsoon; planting June-July,False,False,northern_zone,General (all zones),southwest_monsoon,Laterite
Mahagony,General (all zones),Agroforestry,22.0,32.0,5.0,6.5,Onset of monsoon; planting June-July,False,False,high_ranges,General (all zones),southwest_monsoon,Laterite
Maize,General (all zones),Cereals and Millets,22.0,32.0,5.5,8.0,"Kharif (June-July) | Kharif (August-September) | Rabi (January-February,  irrigated)",True,False,coastal_zone,General (all zones),southwest_monsoon;northeast_monsoon;dry_season,
Maize,General (all zones),Cereals and Millets,22.0,32.0,5.5,8.0,"Kharif (June-July) | Kharif (August-September) | Rabi (January-February,  irrigated)",True,False,southern_zone,General (all zones),southwest_monsoon;northeast_monsoon;dry_season,
Maize,General (all zones),Cereals and Millets,22.0,32.0,5.5,8.0,"Kharif (June-July) | Kharif (August-September) | Rabi (January-February,  irrigated)",True,False,central_zone,General (all zones),southwest_monsoon;northeast_monsoon;dry_season,
Maize,General (all zones),Cereals and Millets,22.0,32.0,5.5,8.0,"Kharif (June-July) | Kharif (August-September) | Rabi (January-February,  irrigated)",True,False,northern_zone,General (all zones),southwest_monsoon;northeast_monsoon;dry_season,
Maize,General (all zones),Cereals and Millets,22.0,32.0,5.5,8.0,"Kharif (June-July) | Kharif (August-September) | Rabi (January-February,  irrigated)",True,False,high_ranges,General (all zones),southwest_monsoon;northeast_monsoon;dry_season,
Mandarin orange,High Hills,Fruits,12.0,25.0,5.9,6.5,July-August (planting),False,False,high_ranges,High Hills,southwest_monsoon,"Forest loam / hill soil (acidic, high organic matter)"
Mangium,General (all zones),Agroforestry,22.0,32.0,5.0,6.5,General (planting timing not separately specified; nursery Jan-Feb pod collection),False,False,coastal_zone,General (all zones),,
Mangium,General (all zones),Agroforestry,22.0,32.0,5.0,6.5,General (planting timing not separately specified; nursery Jan-Feb pod collection),False,False,southern_zone,General (all zones),,
Mangium,General (all zones),Agroforestry,22.0,32.0,5.0,6.5,General (planting timing not separately specified; nursery Jan-Feb pod collection),False,False,central_zone,General (all zones),,
Mangium,General (all zones),Agroforestry,22.0,32.0,5.0,6.5,General (planting timing not separately specified; nursery Jan-Feb pod collection),False,False,northern_zone,General (all zones),,
Mangium,General (all zones),Agroforestry,22.0,32.0,5.0,6.5,General (planting timing not separately specified; nursery Jan-Feb pod collection),False,False,high_ranges,General (all zones),,
Mango,General (all zones),Fruits,22.0,32.0,5.9,6.5,Onset of monsoon showers (or August-September in heavy rainfall areas),False,False,coastal_zone,General (all zones),southwest_monsoon,
Mango,General (all zones),Fruits,22.0,32.0,5.9,6.5,Onset of monsoon showers (or August-September in heavy rainfall areas),False,False,southern_zone,General (all zones),southwest_monsoon,
Mango,General (all zones),Fruits,22.0,32.0,5.9,6.5,Onset of monsoon showers (or August-September in heavy rainfall areas),False,False,central_zone,General (all zones),southwest_monsoon,
Mango,General (all zones),Fruits,22.0,32.0,5.9,6.5,Onset of monsoon showers (or August-September in heavy rainfall areas),False,False,northern_zone,General (all zones),southwest_monsoon,
Mango,General (all zones),Fruits,22.0,32.0,5.9,6.5,Onset of monsoon showers (or August-September in heavy rainfall areas),False,False,high_ranges,General (all zones),southwest_monsoon,
Mango ginger,General (all zones),Spices and Condiments,22.0,32.0,5.0,6.5,April (with commencement of pre-monsoon showers),False,False,coastal_zone,General (all zones),southwest_monsoon;dry_season,
Mango ginger,General (all zones),Spices and Condiments,22.0,32.0,5.0,6.5,April (with commencement of pre-monsoon showers),False,False,southern_zone,General (all zones),southwest_monsoon;dry_season,
Mango ginger,General (all zones),Spices and Condiments,22.0,32.0,5.0,6.5,April (with commencement of pre-monsoon showers),False,False,central_zone,General (all zones),southwest_monsoon;dry_season,
Mango ginger,General (all zones),Spices and Condiments,22.0,32.0,5.0,6.5,April (with commencement of pre-monsoon showers),False,False,northern_zone,General (all zones),southwest_monsoon;dry_season,
Mango ginger,General (all zones),Spices and Condiments,22.0,32.0,5.0,6.5,April (with commencement of pre-monsoon showers),False,False,high_ranges,General (all zones),southwest_monsoon;dry_season,
Marigold,General (all zones),Ornamental Plants,22.0,32.0,5.6,6.5,,True,False,coastal_zone,General (all zones),,
Marigold,General (all zones),Ornamental Plants,22.0,32.0,5.6,6.5,,True,False,southern_zone,General (all zones),,
Marigold,General (all zones),Ornamental Plants,22.0,32.0,5.6,6.5,,True,False,central_zone,General (all zones),,
Marigold,General (all zones),Ornamental Plants,22.0,32.0,5.6,6.5,,True,False,northern_zone,General (all zones),,
Marigold,General (all zones),Ornamental Plants,22.0,32.0,5.6,6.5,,True,False,high_ranges,General (all zones),,
Neela amari,General (all zones),Medicinal and Aromatic Plants,22.0,32.0,5.0,6.5,September-October (sowing),False,False,coastal_zone,General (all zones),northeast_monsoon,
Neela amari,General (all zones),Medicinal and Aromatic Plants,22.0,32.0,5.0,6.5,September-October (sowing),False,False,southern_zone,General (all zones),northeast_monsoon,
Neela amari,General (all zones),Medicinal and Aromatic Plants,22.0,32.0,5.0,6.5,September-October (sowing),False,False,central_zone,General (all zones),northeast_monsoon,
Neela amari,General (all zones),Medicinal and Aromatic Plants,22.0,32.0,5.0,6.5,September-October (sowing),False,False,northern_zone,General (all zones),northeast_monsoon,
Neela amari,General (all zones),Medicinal and Aromatic Plants,22.0,32.0,5.0,6.5,September-October (sowing),False,False,high_ranges,General (all zones),northeast_monsoon,
Neem,General (all zones),Medicinal and Aromatic Plants,22.0,32.0,5.0,6.5,General,False,False,coastal_zone,General (all zones),,
Neem,General (all zones),Medicinal and Aromatic Plants,22.0,32.0,5.0,6.5,General,False,False,southern_zone,General (all zones),,
Neem,General (all zones),Medicinal and Aromatic Plants,22.0,32.0,5.0,6.5,General,False,False,central_zone,General (all zones),,
Neem,General (all zones),Medicinal and Aromatic Plants,22.0,32.0,5.0,6.5,General,False,False,northern_zone,General (all zones),,
Neem,General (all zones),Medicinal and Aromatic Plants,22.0,32.0,5.0,6.5,General,False,False,high_ranges,General (all zones),,
Nilappana,General (all zones),Medicinal and Aromatic Plants,22.0,32.0,5.0,6.5,Rainfed crop planted with onset of monsoon in May-June; irrigated crop can be planted any time,False,False,coastal_zone,General (all zones),southwest_monsoon;dry_season,"Laterite;Forest loam / hill soil (acidic, high organic matter)"
Nilappana,General (all zones),Medicinal and Aromatic Plants,22.0,32.0,5.0,6.5,Rainfed crop planted with onset of monsoon in May-June; irrigated crop can be planted any time,False,False,southern_zone,General (all zones),southwest_monsoon;dry_season,"Laterite;Forest loam / hill soil (acidic, high organic matter)"
Nilappana,General (all zones),Medicinal and Aromatic Plants,22.0,32.0,5.0,6.5,Rainfed crop planted with onset of monsoon in May-June; irrigated crop can be planted any time,False,False,central_zone,General (all zones),southwest_monsoon;dry_season,"Laterite;Forest loam / hill soil (acidic, high organic matter)"
Nilappana,General (all zones),Medicinal and Aromatic Plants,22.0,32.0,5.0,6.5,Rainfed crop planted with onset of monsoon in May-June; irrigated crop can be planted any time,False,False,northern_zone,General (all zones),southwest_monsoon;dry_season,"Laterite;Forest loam / hill soil (acidic, high organic matter)"
Nilappana,General (all zones),Medicinal and Aromatic Plants,22.0,32.0,5.0,6.5,Rainfed crop planted with onset of monsoon in May-June; irrigated crop can be planted any time,False,False,high_ranges,General (all zones),southwest_monsoon;dry_season,"Laterite;Forest loam / hill soil (acidic, high organic matter)"
Nutmeg,General (all zones),Spices and Condiments,22.0,32.0,5.0,6.5,Onset of southwest monsoon (main field planting),False,False,coastal_zone,General (all zones),southwest_monsoon,
Nutmeg,General (all zones),Spices and Condiments,22.0,32.0,5.0,6.5,Onset of southwest monsoon (main field planting),False,False,southern_zone,General (all zones),southwest_monsoon,
Nutmeg,General (all zones),Spices and Condiments,22.0,32.0,5.0,6.5,Onset of southwest monsoon (main field planting),False,False,central_zone,General (all zones),southwest_monsoon,
Nutmeg,General (all zones),Spices and Condiments,22.0,32.0,5.0,6.5,Onset of southwest monsoon (main field planting),False,False,northern_zone,General (all zones),southwest_monsoon,
Nutmeg,General (all zones),Spices and Condiments,22.0,32.0,5.0,6.5,Onset of southwest monsoon (main field planting),False,False,high_ranges,General (all zones),southwest_monsoon,
Oilpalm,General (all zones),Oil Seeds,30.0,32.0,5.0,8.0,May-June (planting at onset of monsoon; nursery seed sowing/handling year-round),False,True,coastal_zone,General (all zones),southwest_monsoon;dry_season,
Oilpalm,General (all zones),Oil Seeds,30.0,32.0,5.0,8.0,May-June (planting at onset of monsoon; nursery seed sowing/handling year-round),False,True,southern_zone,General (all zones),southwest_monsoon;dry_season,
Oilpalm,General (all zones),Oil Seeds,30.0,32.0,5.0,8.0,May-June (planting at onset of monsoon; nursery seed sowing/handling year-round),False,True,central_zone,General (all zones),southwest_monsoon;dry_season,
Oilpalm,General (all zones),Oil Seeds,30.0,32.0,5.0,8.0,May-June (planting at onset of monsoon; nursery seed sowing/handling year-round),False,True,northern_zone,General (all zones),southwest_monsoon;dry_season,
Oilpalm,General (all zones),Oil Seeds,30.0,32.0,5.0,8.0,May-June (planting at onset of monsoon; nursery seed sowing/handling year-round),False,True,high_ranges,General (all zones),southwest_monsoon;dry_season,
Okra,General (all zones),Vegetables,22.0,32.0,5.0,6.5,February-March | June-July | October-November,False,False,coastal_zone,General (all zones),southwest_monsoon;northeast_monsoon;dry_season,"Coastal alluvium / sandy, backwater-adjacent"
Okra,General (all zones),Vegetables,22.0,32.0,5.0,6.5,February-March | June-July | October-November,False,False,southern_zone,General (all zones),southwest_monsoon;northeast_monsoon;dry_season,"Coastal alluvium / sandy, backwater-adjacent"
Okra,General (all zones),Vegetables,22.0,32.0,5.0,6.5,February-March | June-July | October-November,False,False,central_zone,General (all zones),southwest_monsoon;northeast_monsoon;dry_season,"Coastal alluvium / sandy, backwater-adjacent"
Okra,General (all zones),Vegetables,22.0,32.0,5.0,6.5,February-March | June-July | October-November,False,False,northern_zone,General (all zones),southwest_monsoon;northeast_monsoon;dry_season,"Coastal alluvium / sandy, backwater-adjacent"
Okra,General (all zones),Vegetables,22.0,32.0,5.0,6.5,February-March | June-July | October-November,False,False,high_ranges,General (all zones),southwest_monsoon;northeast_monsoon;dry_season,"Coastal alluvium / sandy, backwater-adjacent"
Onion,Coastal Plain,Cool Season Vegetables,24.0,33.0,5.8,6.5,October-November,True,False,coastal_zone,Coastal Plain,northeast_monsoon,
Onion,Midland Laterites,Cool Season Vegetables,23.0,32.0,5.8,6.5,October-November,True,False,northern_zone,Midland Laterites,northeast_monsoon,
Onion,Midland Laterites,Cool Season Vegetables,23.0,32.0,5.8,6.5,October-November,True,False,central_zone,Midland Laterites,northeast_monsoon,
Onion,Midland Laterites,Cool Season Vegetables,23.0,32.0,5.8,6.5,October-November,True,False,southern_zone,Midland Laterites,northeast_monsoon,
Orchids,General (all zones),Ornamental Plants,22.0,32.0,5.6,6.5,,False,False,coastal_zone,General (all zones),,
Orchids,General (all zones),Ornamental Plants,22.0,32.0,5.6,6.5,,False,False,southern_zone,General (all zones),,
Orchids,General (all zones),Ornamental Plants,22.0,32.0,5.6,6.5,,False,False,central_zone,General (all zones),,
Orchids,General (all zones),Ornamental Plants,22.0,32.0,5.6,6.5,,False,False,northern_zone,General (all zones),,
Orchids,General (all zones),Ornamental Plants,22.0,32.0,5.6,6.5,,False,False,high_ranges,General (all zones),,
Palmarosa,General (all zones),Medicinal and Aromatic Plants,22.0,32.0,5.0,6.5,Seedbed prepared after 15th April; seeds sown latest by August,False,False,coastal_zone,General (all zones),southwest_monsoon;dry_season,
Palmarosa,General (all zones),Medicinal and Aromatic Plants,22.0,32.0,5.0,6.5,Seedbed prepared after 15th April; seeds sown latest by August,False,False,southern_zone,General (all zones),southwest_monsoon;dry_season,
Palmarosa,General (all zones),Medicinal and Aromatic Plants,22.0,32.0,5.0,6.5,Seedbed prepared after 15th April; seeds sown latest by August,False,False,central_zone,General (all zones),southwest_monsoon;dry_season,
Palmarosa,General (all zones),Medicinal and Aromatic Plants,22.0,32.0,5.0,6.5,Seedbed prepared after 15th April; seeds sown latest by August,False,False,northern_zone,General (all zones),southwest_monsoon;dry_season,
Palmarosa,General (all zones),Medicinal and Aromatic Plants,22.0,32.0,5.0,6.5,Seedbed prepared after 15th April; seeds sown latest by August,False,False,high_ranges,General (all zones),southwest_monsoon;dry_season,
Papaya,General (all zones),Fruits,22.0,26.0,5.9,6.5,February-March (seed sowing/nursery raising) | May-June (transplanting to field),False,True,coastal_zone,General (all zones),southwest_monsoon;dry_season,
Papaya,General (all zones),Fruits,22.0,26.0,5.9,6.5,February-March (seed sowing/nursery raising) | May-June (transplanting to field),False,True,southern_zone,General (all zones),southwest_monsoon;dry_season,
Papaya,General (all zones),Fruits,22.0,26.0,5.9,6.5,February-March (seed sowing/nursery raising) | May-June (transplanting to field),False,True,central_zone,General (all zones),southwest_monsoon;dry_season,
Papaya,General (all zones),Fruits,22.0,26.0,5.9,6.5,February-March (seed sowing/nursery raising) | May-June (transplanting to field),False,True,northern_zone,General (all zones),southwest_monsoon;dry_season,
Papaya,General (all zones),Fruits,22.0,26.0,5.9,6.5,February-March (seed sowing/nursery raising) | May-June (transplanting to field),False,True,high_ranges,General (all zones),southwest_monsoon;dry_season,
Para grass,General (all zones),Fodder Crops,22.0,32.0,5.0,6.5,Any time other than winter months; rainfed crop planted with the first monsoon showers,False,False,coastal_zone,General (all zones),southwest_monsoon;northeast_monsoon,Coastal sandy / laterite patches
Para grass,General (all zones),Fodder Crops,22.0,32.0,5.0,6.5,Any time other than winter months; rainfed crop planted with the first monsoon showers,False,False,southern_zone,General (all zones),southwest_monsoon;northeast_monsoon,Coastal sandy / laterite patches
Para grass,General (all zones),Fodder Crops,22.0,32.0,5.0,6.5,Any time other than winter months; rainfed crop planted with the first monsoon showers,False,False,central_zone,General (all zones),southwest_monsoon;northeast_monsoon,Coastal sandy / laterite patches
Para grass,General (all zones),Fodder Crops,22.0,32.0,5.0,6.5,Any time other than winter months; rainfed crop planted with the first monsoon showers,False,False,northern_zone,General (all zones),southwest_monsoon;northeast_monsoon,Coastal sandy / laterite patches
Para grass,General (all zones),Fodder Crops,22.0,32.0,5.0,6.5,Any time other than winter months; rainfed crop planted with the first monsoon showers,False,False,high_ranges,General (all zones),southwest_monsoon;northeast_monsoon,Coastal sandy / laterite patches
Pathimugham,General (all zones),Medicinal and Aromatic Plants,22.0,32.0,5.0,6.5,Onset of South West monsoon,False,False,coastal_zone,General (all zones),southwest_monsoon,
Pathimugham,General (all zones),Medicinal and Aromatic Plants,22.0,32.0,5.0,6.5,Onset of South West monsoon,False,False,southern_zone,General (all zones),southwest_monsoon,
Pathimugham,General (all zones),Medicinal and Aromatic Plants,22.0,32.0,5.0,6.5,Onset of South West monsoon,False,False,central_zone,General (all zones),southwest_monsoon,
Pathimugham,General (all zones),Medicinal and Aromatic Plants,22.0,32.0,5.0,6.5,Onset of South West monsoon,False,False,northern_zone,General (all zones),southwest_monsoon,
Pathimugham,General (all zones),Medicinal and Aromatic Plants,22.0,32.0,5.0,6.5,Onset of South West monsoon,False,False,high_ranges,General (all zones),southwest_monsoon,
Pineapple,General (all zones),Fruits,15.0,30.0,5.9,6.5,May-June (Kew - main planting season) | April-May and August-September (Mauritius; can be planted all months except heavy rain of June-July),False,True,coastal_zone,General (all zones),southwest_monsoon;dry_season,
Pineapple,General (all zones),Fruits,15.0,30.0,5.9,6.5,May-June (Kew - main planting season) | April-May and August-September (Mauritius; can be planted all months except heavy rain of June-July),False,True,southern_zone,General (all zones),southwest_monsoon;dry_season,
Pineapple,General (all zones),Fruits,15.0,30.0,5.9,6.5,May-June (Kew - main planting season) | April-May and August-September (Mauritius; can be planted all months except heavy rain of June-July),False,True,central_zone,General (all zones),southwest_monsoon;dry_season,
Pineapple,General (all zones),Fruits,15.0,30.0,5.9,6.5,May-June (Kew - main planting season) | April-May and August-September (Mauritius; can be planted all months except heavy rain of June-July),False,True,northern_zone,General (all zones),southwest_monsoon;dry_season,
Pineapple,General (all zones),Fruits,15.0,30.0,5.9,6.5,May-June (Kew - main planting season) | April-May and August-September (Mauritius; can be planted all months except heavy rain of June-July),False,True,high_ranges,General (all zones),southwest_monsoon;dry_season,
Potato,High Hills,Cool Season Vegetables,20.0,30.0,5.2,7.0,Summer (March-April) | Autumn (August-December) | Spring (January-February),True,True,high_ranges,High Hills,southwest_monsoon;dry_season,Coastal sandy / laterite patches
Pumpkin,General (all zones),Cucurbitaceous Vegetables,22.0,32.0,5.0,6.5,"January-March | September-December | May-June (rainfed crop, sown after receipt of first showers)",False,False,coastal_zone,General (all zones),southwest_monsoon;dry_season,
Pumpkin,General (all zones),Cucurbitaceous Vegetables,22.0,32.0,5.0,6.5,"January-March | September-December | May-June (rainfed crop, sown after receipt of first showers)",False,False,southern_zone,General (all zones),southwest_monsoon;dry_season,
Pumpkin,General (all zones),Cucurbitaceous Vegetables,22.0,32.0,5.0,6.5,"January-March | September-December | May-June (rainfed crop, sown after receipt of first showers)",False,False,central_zone,General (all zones),southwest_monsoon;dry_season,
Pumpkin,General (all zones),Cucurbitaceous Vegetables,22.0,32.0,5.0,6.5,"January-March | September-December | May-June (rainfed crop, sown after receipt of first showers)",False,False,northern_zone,General (all zones),southwest_monsoon;dry_season,
Pumpkin,General (all zones),Cucurbitaceous Vegetables,22.0,32.0,5.0,6.5,"January-March | September-December | May-June (rainfed crop, sown after receipt of first showers)",False,False,high_ranges,General (all zones),southwest_monsoon;dry_season,
Punna,Coastal Plain,Agroforestry,24.0,33.0,5.0,6.5,Monsoon season (planting),False,False,coastal_zone,Coastal Plain,southwest_monsoon,"Coastal sandy / laterite patches;Coastal alluvium / sandy, backwater-adjacent"
Radish,High Hills,Cool Season Vegetables,12.0,25.0,5.2,7.0,June-January,False,False,high_ranges,High Hills,southwest_monsoon;dry_season,Coastal sandy / laterite patches
Ragi,General (all zones),Cereals and Millets,23.0,31.0,5.0,8.0,Main season (June-September) | Late season (July-October) | Summer (December-January to March-April),False,True,coastal_zone,General (all zones),southwest_monsoon;northeast_monsoon;dry_season,Laterite
Ragi,General (all zones),Cereals and Millets,23.0,31.0,5.0,8.0,Main season (June-September) | Late season (July-October) | Summer (December-January to March-April),False,True,southern_zone,General (all zones),southwest_monsoon;northeast_monsoon;dry_season,Laterite
Ragi,General (all zones),Cereals and Millets,23.0,31.0,5.0,8.0,Main season (June-September) | Late season (July-October) | Summer (December-January to March-April),False,True,central_zone,General (all zones),southwest_monsoon;northeast_monsoon;dry_season,Laterite
Ragi,General (all zones),Cereals and Millets,23.0,31.0,5.0,8.0,Main season (June-September) | Late season (July-October) | Summer (December-January to March-April),False,True,northern_zone,General (all zones),southwest_monsoon;northeast_monsoon;dry_season,Laterite
Ragi,General (all zones),Cereals and Millets,23.0,31.0,5.0,8.0,Main season (June-September) | Late season (July-October) | Summer (December-January to March-April),False,True,high_ranges,General (all zones),southwest_monsoon;northeast_monsoon;dry_season,Laterite
Red gram,General (all zones),Pulses,26.0,34.0,5.0,6.5,"Kharif (June-July,  mixed crop) | Rice fallow (after mundakan crop)",False,True,coastal_zone,General (all zones),southwest_monsoon;northeast_monsoon,
Red gram,General (all zones),Pulses,26.0,34.0,5.0,6.5,"Kharif (June-July,  mixed crop) | Rice fallow (after mundakan crop)",False,True,southern_zone,General (all zones),southwest_monsoon;northeast_monsoon,
Red gram,General (all zones),Pulses,26.0,34.0,5.0,6.5,"Kharif (June-July,  mixed crop) | Rice fallow (after mundakan crop)",False,True,central_zone,General (all zones),southwest_monsoon;northeast_monsoon,
Red gram,General (all zones),Pulses,26.0,34.0,5.0,6.5,"Kharif (June-July,  mixed crop) | Rice fallow (after mundakan crop)",False,True,northern_zone,General (all zones),southwest_monsoon;northeast_monsoon,
Red gram,General (all zones),Pulses,26.0,34.0,5.0,6.5,"Kharif (June-July,  mixed crop) | Rice fallow (after mundakan crop)",False,True,high_ranges,General (all zones),southwest_monsoon;northeast_monsoon,
Rice,Coastal Plain,Cereals and Millets,16.0,35.0,5.0,8.0,"Puncha, Kuttanad area, Oct-Nov to Feb-Mar | Additional Crop, Kuttanad area, May-June to Aug-Sept | Additional Crop, Kari soils, June-July to Sept-Oct | Mundakan (Kadumkrishi), Kole (single cropped area), Aug-Sept to Dec-Jan | Virippu (I crop/autumn), Pokkali area, May-June to Sept-Oct | Oorumundakan, Pokkali area, Aug-Sept to Dec-Jan | Virippu (I crop/autumn), Kaipad tract, April-May to Sept-Oct | First crop, Deep ill-drained regions of southern Kerala | Second crop, Deep ill-drained regions of southern Kerala | First crop, Waterlogged and flooded areas | Virippu (I crop/autumn), Onattukara and coastal sandy areas - where HYVs do not come up, April to August | Mundakan (II crop/winter), Onattukara and coastal sandy areas - where HYVs do not come up, Aug-Sept to Dec-Jan | Virippu (I crop/autumn), Onattukara - where HYVs come up well, April to August | Mundakan (II crop/winter), Onattukara - where HYVs come up well, Aug-Sept to Dec-Jan | Third crop, Onattukara - where HYVs come up well, Feb-Mar to April | Poonthalpadam (season not specified in source)",True,True,coastal_zone,Coastal Plain,southwest_monsoon;northeast_monsoon;dry_season,
Rice,High Hills,Cereals and Millets,16.0,35.0,5.0,8.0,"Nancha, High ranges, May-June to Oct-Nov | Puncha, High ranges, Dec-Jan to Apr-May | First crop, High altitude area - double crop areas | Second crop, High altitude area - double crop areas",True,True,high_ranges,High Hills,southwest_monsoon;northeast_monsoon;dry_season,
Rice,Midland Laterites,Cereals and Millets,16.0,35.0,5.0,8.0,"Virippu (I crop/autumn) - Upland/Modan, purely rainfed, April-May to Sept-Oct | Virippu (I crop) - Palliyals (Myals), single crop terraced, April-May to Sept-Oct | Virippu (I crop/autumn) - Double crop wetlands, semi-dry cultivation, First crop, April-May to Sept-Oct | Mundakan (II crop/winter) - Double crop wetlands, semi-dry cultivation, Second crop, Sept-Oct to Dec-Jan | Virippu (I crop/autumn) - Transplanted double/triple crop wetlands, First crop, April-May to Sept-Oct | Mundakan (II crop/winter) - Transplanted double/triple crop wetlands, Second crop, Sept-Oct to Dec-Jan | Puncha (III crop/summer) - Transplanted triple crop wetlands, Third crop, Dec-Jan to Mar-Apr | Second crop, Eastern lateritic regions of Kollam and Alappuzha districts | First crop, Koottumundakan system | Second crop, Koottumundakan system",True,True,northern_zone,Midland Laterites,southwest_monsoon;northeast_monsoon;dry_season,
Rice,Midland Laterites,Cereals and Millets,16.0,35.0,5.0,8.0,"Virippu (I crop/autumn) - Upland/Modan, purely rainfed, April-May to Sept-Oct | Virippu (I crop) - Palliyals (Myals), single crop terraced, April-May to Sept-Oct | Virippu (I crop/autumn) - Double crop wetlands, semi-dry cultivation, First crop, April-May to Sept-Oct | Mundakan (II crop/winter) - Double crop wetlands, semi-dry cultivation, Second crop, Sept-Oct to Dec-Jan | Virippu (I crop/autumn) - Transplanted double/triple crop wetlands, First crop, April-May to Sept-Oct | Mundakan (II crop/winter) - Transplanted double/triple crop wetlands, Second crop, Sept-Oct to Dec-Jan | Puncha (III crop/summer) - Transplanted triple crop wetlands, Third crop, Dec-Jan to Mar-Apr | Second crop, Eastern lateritic regions of Kollam and Alappuzha districts | First crop, Koottumundakan system | Second crop, Koottumundakan system",True,True,central_zone,Midland Laterites,southwest_monsoon;northeast_monsoon;dry_season,
Rice,Midland Laterites,Cereals and Millets,16.0,35.0,5.0,8.0,"Virippu (I crop/autumn) - Upland/Modan, purely rainfed, April-May to Sept-Oct | Virippu (I crop) - Palliyals (Myals), single crop terraced, April-May to Sept-Oct | Virippu (I crop/autumn) - Double crop wetlands, semi-dry cultivation, First crop, April-May to Sept-Oct | Mundakan (II crop/winter) - Double crop wetlands, semi-dry cultivation, Second crop, Sept-Oct to Dec-Jan | Virippu (I crop/autumn) - Transplanted double/triple crop wetlands, First crop, April-May to Sept-Oct | Mundakan (II crop/winter) - Transplanted double/triple crop wetlands, Second crop, Sept-Oct to Dec-Jan | Puncha (III crop/summer) - Transplanted triple crop wetlands, Third crop, Dec-Jan to Mar-Apr | Second crop, Eastern lateritic regions of Kollam and Alappuzha districts | First crop, Koottumundakan system | Second crop, Koottumundakan system",True,True,southern_zone,Midland Laterites,southwest_monsoon;northeast_monsoon;dry_season,
Rice,Palakkad Plain,Cereals and Millets,16.0,35.0,5.0,8.0,"First crop, Chittoor black soil (Palakkad) | Second crop, Chittoor black soil (Palakkad)",True,True,central_zone,Palakkad Plain,southwest_monsoon;northeast_monsoon,
Rosewood,High Hills,Agroforestry,12.0,25.0,5.0,6.5,Before onset of monsoon (planting); nursery sowing during rainy season,False,False,high_ranges,High Hills,southwest_monsoon,
Rubber,Coastal Plain,Commercial Crops,24.0,33.0,5.0,6.5,Onset of monsoon (main field planting),False,False,coastal_zone,Coastal Plain,southwest_monsoon,"Coastal alluvium / sandy, backwater-adjacent;Laterite"
Rubber,Foothills,Commercial Crops,20.0,30.0,5.0,6.5,Onset of monsoon (main field planting),False,False,northern_zone,Foothills,southwest_monsoon,"Coastal alluvium / sandy, backwater-adjacent;Laterite"
Rubber,Foothills,Commercial Crops,20.0,30.0,5.0,6.5,Onset of monsoon (main field planting),False,False,central_zone,Foothills,southwest_monsoon,"Coastal alluvium / sandy, backwater-adjacent;Laterite"
Rubber,Foothills,Commercial Crops,20.0,30.0,5.0,6.5,Onset of monsoon (main field planting),False,False,southern_zone,Foothills,southwest_monsoon,"Coastal alluvium / sandy, backwater-adjacent;Laterite"
Rubber,High Hills,Commercial Crops,12.0,25.0,5.0,6.5,Not applicable - rubber is not recommended for cultivation in this zone,False,False,high_ranges,High Hills,,"Coastal alluvium / sandy, backwater-adjacent;Laterite"
Rubber,Midland Laterites,Commercial Crops,23.0,32.0,5.0,6.5,Onset of monsoon (main field planting),False,False,northern_zone,Midland Laterites,southwest_monsoon,"Coastal alluvium / sandy, backwater-adjacent;Laterite"
Rubber,Midland Laterites,Commercial Crops,23.0,32.0,5.0,6.5,Onset of monsoon (main field planting),False,False,central_zone,Midland Laterites,southwest_monsoon,"Coastal alluvium / sandy, backwater-adjacent;Laterite"
Rubber,Midland Laterites,Commercial Crops,23.0,32.0,5.0,6.5,Onset of monsoon (main field planting),False,False,southern_zone,Midland Laterites,southwest_monsoon,"Coastal alluvium / sandy, backwater-adjacent;Laterite"
Sandal,General (all zones),Agroforestry,22.0,32.0,5.0,6.5,General (all zones),False,False,coastal_zone,General (all zones),,Coastal sandy / laterite patches
Sandal,General (all zones),Agroforestry,22.0,32.0,5.0,6.5,General (all zones),False,False,southern_zone,General (all zones),,Coastal sandy / laterite patches
Sandal,General (all zones),Agroforestry,22.0,32.0,5.0,6.5,General (all zones),False,False,central_zone,General (all zones),,Coastal sandy / laterite patches
Sandal,General (all zones),Agroforestry,22.0,32.0,5.0,6.5,General (all zones),False,False,northern_zone,General (all zones),,Coastal sandy / laterite patches
Sandal,General (all zones),Agroforestry,22.0,32.0,5.0,6.5,General (all zones),False,False,high_ranges,General (all zones),,Coastal sandy / laterite patches
Sapota,General (all zones),Fruits,11.0,34.0,5.9,6.5,May-June (planting),False,True,coastal_zone,General (all zones),southwest_monsoon;dry_season,
Sapota,General (all zones),Fruits,11.0,34.0,5.9,6.5,May-June (planting),False,True,southern_zone,General (all zones),southwest_monsoon;dry_season,
Sapota,General (all zones),Fruits,11.0,34.0,5.9,6.5,May-June (planting),False,True,central_zone,General (all zones),southwest_monsoon;dry_season,
Sapota,General (all zones),Fruits,11.0,34.0,5.9,6.5,May-June (planting),False,True,northern_zone,General (all zones),southwest_monsoon;dry_season,
Sapota,General (all zones),Fruits,11.0,34.0,5.9,6.5,May-June (planting),False,True,high_ranges,General (all zones),southwest_monsoon;dry_season,
Sesame,Coastal Plain,Oil Seeds,24.0,33.0,5.0,8.0,Lowland paddy field (third crop): December-April | Uplands: August-December,False,False,coastal_zone,Coastal Plain,southwest_monsoon;dry_season,Coastal sandy / laterite patches
Setaria grass,General (all zones),Fodder Crops,21.0,29.0,5.0,6.5,Rainy season (rainfed sowing); February to November if irrigation facilities available,False,True,coastal_zone,General (all zones),southwest_monsoon;northeast_monsoon;dry_season,
Setaria grass,General (all zones),Fodder Crops,21.0,29.0,5.0,6.5,Rainy season (rainfed sowing); February to November if irrigation facilities available,False,True,southern_zone,General (all zones),southwest_monsoon;northeast_monsoon;dry_season,
Setaria grass,General (all zones),Fodder Crops,21.0,29.0,5.0,6.5,Rainy season (rainfed sowing); February to November if irrigation facilities available,False,True,central_zone,General (all zones),southwest_monsoon;northeast_monsoon;dry_season,
Setaria grass,General (all zones),Fodder Crops,21.0,29.0,5.0,6.5,Rainy season (rainfed sowing); February to November if irrigation facilities available,False,True,northern_zone,General (all zones),southwest_monsoon;northeast_monsoon;dry_season,
Setaria grass,General (all zones),Fodder Crops,21.0,29.0,5.0,6.5,Rainy season (rainfed sowing); February to November if irrigation facilities available,False,True,high_ranges,General (all zones),southwest_monsoon;northeast_monsoon;dry_season,
Shevri,General (all zones),Fodder Crops,22.0,32.0,5.0,6.5,General,False,False,coastal_zone,General (all zones),,
Shevri,General (all zones),Fodder Crops,22.0,32.0,5.0,6.5,General,False,False,southern_zone,General (all zones),,
Shevri,General (all zones),Fodder Crops,22.0,32.0,5.0,6.5,General,False,False,central_zone,General (all zones),,
Shevri,General (all zones),Fodder Crops,22.0,32.0,5.0,6.5,General,False,False,northern_zone,General (all zones),,
Shevri,General (all zones),Fodder Crops,22.0,32.0,5.0,6.5,General,False,False,high_ranges,General (all zones),,
Snake gourd,General (all zones),Cucurbitaceous Vegetables,22.0,32.0,5.0,6.5,January-March | September-December,False,False,coastal_zone,General (all zones),dry_season,
Snake gourd,General (all zones),Cucurbitaceous Vegetables,22.0,32.0,5.0,6.5,January-March | September-December,False,False,southern_zone,General (all zones),dry_season,
Snake gourd,General (all zones),Cucurbitaceous Vegetables,22.0,32.0,5.0,6.5,January-March | September-December,False,False,central_zone,General (all zones),dry_season,
Snake gourd,General (all zones),Cucurbitaceous Vegetables,22.0,32.0,5.0,6.5,January-March | September-December,False,False,northern_zone,General (all zones),dry_season,
Snake gourd,General (all zones),Cucurbitaceous Vegetables,22.0,32.0,5.0,6.5,January-March | September-December,False,False,high_ranges,General (all zones),dry_season,
Sorghum,General (all zones),Cereals and Millets,26.0,34.0,5.0,8.0,"Kharif (May-August,  rainfed) | Rabi (January-April,  irrigated)",False,True,coastal_zone,General (all zones),southwest_monsoon;northeast_monsoon;dry_season,
Sorghum,General (all zones),Cereals and Millets,26.0,34.0,5.0,8.0,"Kharif (May-August,  rainfed) | Rabi (January-April,  irrigated)",False,True,southern_zone,General (all zones),southwest_monsoon;northeast_monsoon;dry_season,
Sorghum,General (all zones),Cereals and Millets,26.0,34.0,5.0,8.0,"Kharif (May-August,  rainfed) | Rabi (January-April,  irrigated)",False,True,central_zone,General (all zones),southwest_monsoon;northeast_monsoon;dry_season,
Sorghum,General (all zones),Cereals and Millets,26.0,34.0,5.0,8.0,"Kharif (May-August,  rainfed) | Rabi (January-April,  irrigated)",False,True,northern_zone,General (all zones),southwest_monsoon;northeast_monsoon;dry_season,
Sorghum,General (all zones),Cereals and Millets,26.0,34.0,5.0,8.0,"Kharif (May-August,  rainfed) | Rabi (January-April,  irrigated)",False,True,high_ranges,General (all zones),southwest_monsoon;northeast_monsoon;dry_season,
Soybean,General (all zones),Pulses,26.0,34.0,5.0,6.5,"Kharif (onset of south-west monsoon,  May-June)",False,True,coastal_zone,General (all zones),southwest_monsoon;dry_season,"Coastal sandy / laterite patches;Coastal alluvium / sandy, backwater-adjacent"
Soybean,General (all zones),Pulses,26.0,34.0,5.0,6.5,"Kharif (onset of south-west monsoon,  May-June)",False,True,southern_zone,General (all zones),southwest_monsoon;dry_season,"Coastal sandy / laterite patches;Coastal alluvium / sandy, backwater-adjacent"
Soybean,General (all zones),Pulses,26.0,34.0,5.0,6.5,"Kharif (onset of south-west monsoon,  May-June)",False,True,central_zone,General (all zones),southwest_monsoon;dry_season,"Coastal sandy / laterite patches;Coastal alluvium / sandy, backwater-adjacent"
Soybean,General (all zones),Pulses,26.0,34.0,5.0,6.5,"Kharif (onset of south-west monsoon,  May-June)",False,True,northern_zone,General (all zones),southwest_monsoon;dry_season,"Coastal sandy / laterite patches;Coastal alluvium / sandy, backwater-adjacent"
Soybean,General (all zones),Pulses,26.0,34.0,5.0,6.5,"Kharif (onset of south-west monsoon,  May-June)",False,True,high_ranges,General (all zones),southwest_monsoon;dry_season,"Coastal sandy / laterite patches;Coastal alluvium / sandy, backwater-adjacent"
Strawberry,High Hills,Fruits,12.0,25.0,5.9,6.5,Last week of September (planting),True,False,high_ranges,High Hills,,"Lateritic loam (transitional);Forest loam / hill soil (acidic, high organic matter)"
Stylo,General (all zones),Fodder Crops,22.0,32.0,5.0,6.5,Sowing with onset of south-west monsoon during May-June,False,False,coastal_zone,General (all zones),southwest_monsoon;dry_season,Coastal sandy / laterite patches;Lateritic loam (transitional)
Stylo,General (all zones),Fodder Crops,22.0,32.0,5.0,6.5,Sowing with onset of south-west monsoon during May-June,False,False,southern_zone,General (all zones),southwest_monsoon;dry_season,Coastal sandy / laterite patches;Lateritic loam (transitional)
Stylo,General (all zones),Fodder Crops,22.0,32.0,5.0,6.5,Sowing with onset of south-west monsoon during May-June,False,False,central_zone,General (all zones),southwest_monsoon;dry_season,Coastal sandy / laterite patches;Lateritic loam (transitional)
Stylo,General (all zones),Fodder Crops,22.0,32.0,5.0,6.5,Sowing with onset of south-west monsoon during May-June,False,False,northern_zone,General (all zones),southwest_monsoon;dry_season,Coastal sandy / laterite patches;Lateritic loam (transitional)
Stylo,General (all zones),Fodder Crops,22.0,32.0,5.0,6.5,Sowing with onset of south-west monsoon during May-June,False,False,high_ranges,General (all zones),southwest_monsoon;dry_season,Coastal sandy / laterite patches;Lateritic loam (transitional)
Subabul,General (all zones),Fodder Crops,22.0,34.0,5.0,6.5,Onset of rains in May-June or September-October | See Fodder Crops,False,True,coastal_zone,General (all zones),southwest_monsoon;northeast_monsoon;dry_season,Coastal sandy / laterite patches;Lateritic loam (transitional)
Subabul,General (all zones),Fodder Crops,22.0,34.0,5.0,6.5,Onset of rains in May-June or September-October | See Fodder Crops,False,True,southern_zone,General (all zones),southwest_monsoon;northeast_monsoon;dry_season,Coastal sandy / laterite patches;Lateritic loam (transitional)
Subabul,General (all zones),Fodder Crops,22.0,34.0,5.0,6.5,Onset of rains in May-June or September-October | See Fodder Crops,False,True,central_zone,General (all zones),southwest_monsoon;northeast_monsoon;dry_season,Coastal sandy / laterite patches;Lateritic loam (transitional)
Subabul,General (all zones),Fodder Crops,22.0,34.0,5.0,6.5,Onset of rains in May-June or September-October | See Fodder Crops,False,True,northern_zone,General (all zones),southwest_monsoon;northeast_monsoon;dry_season,Coastal sandy / laterite patches;Lateritic loam (transitional)
Subabul,General (all zones),Fodder Crops,22.0,34.0,5.0,6.5,Onset of rains in May-June or September-October | See Fodder Crops,False,True,high_ranges,General (all zones),southwest_monsoon;northeast_monsoon;dry_season,Coastal sandy / laterite patches;Lateritic loam (transitional)
Sugarcane,Coastal Plain,Commercial Crops,24.0,33.0,5.0,6.5,First fortnight of January (ideal time in deltaic areas),False,False,coastal_zone,Coastal Plain,dry_season,Black soil (Chittoor black soil) / red loam
Sugarcane,Foothills,Commercial Crops,20.0,30.0,5.0,6.5,"After abatement of heavy rains (hilly tracts, under rainfed conditions)",False,False,northern_zone,Foothills,southwest_monsoon,Black soil (Chittoor black soil) / red loam
Sugarcane,Foothills,Commercial Crops,20.0,30.0,5.0,6.5,"After abatement of heavy rains (hilly tracts, under rainfed conditions)",False,False,central_zone,Foothills,southwest_monsoon,Black soil (Chittoor black soil) / red loam
Sugarcane,Foothills,Commercial Crops,20.0,30.0,5.0,6.5,"After abatement of heavy rains (hilly tracts, under rainfed conditions)",False,False,southern_zone,Foothills,southwest_monsoon,Black soil (Chittoor black soil) / red loam
Sugarcane,General (all zones),Commercial Crops,22.0,32.0,5.0,6.5,"October-December (normal planting season, plains and semi-arid tract)",False,False,coastal_zone,General (all zones),northeast_monsoon,Black soil (Chittoor black soil) / red loam
Sugarcane,General (all zones),Commercial Crops,22.0,32.0,5.0,6.5,"October-December (normal planting season, plains and semi-arid tract)",False,False,southern_zone,General (all zones),northeast_monsoon,Black soil (Chittoor black soil) / red loam
Sugarcane,General (all zones),Commercial Crops,22.0,32.0,5.0,6.5,"October-December (normal planting season, plains and semi-arid tract)",False,False,central_zone,General (all zones),northeast_monsoon,Black soil (Chittoor black soil) / red loam
Sugarcane,General (all zones),Commercial Crops,22.0,32.0,5.0,6.5,"October-December (normal planting season, plains and semi-arid tract)",False,False,northern_zone,General (all zones),northeast_monsoon,Black soil (Chittoor black soil) / red loam
Sugarcane,General (all zones),Commercial Crops,22.0,32.0,5.0,6.5,"October-December (normal planting season, plains and semi-arid tract)",False,False,high_ranges,General (all zones),northeast_monsoon,Black soil (Chittoor black soil) / red loam
Sugarcane,Palakkad Plain,Commercial Crops,24.0,36.0,5.0,6.5,"October-December, with fertilizer schedule specified for the Chittoor tract",False,False,central_zone,Palakkad Plain,northeast_monsoon,Black soil (Chittoor black soil) / red loam
Sun hemp,General (all zones),Green Manure Crops,22.0,32.0,5.0,6.5,Incorporated at 10 weeks after sowing,False,False,coastal_zone,General (all zones),,
Sun hemp,General (all zones),Green Manure Crops,22.0,32.0,5.0,6.5,Incorporated at 10 weeks after sowing,False,False,southern_zone,General (all zones),,
Sun hemp,General (all zones),Green Manure Crops,22.0,32.0,5.0,6.5,Incorporated at 10 weeks after sowing,False,False,central_zone,General (all zones),,
Sun hemp,General (all zones),Green Manure Crops,22.0,32.0,5.0,6.5,Incorporated at 10 weeks after sowing,False,False,northern_zone,General (all zones),,
Sun hemp,General (all zones),Green Manure Crops,22.0,32.0,5.0,6.5,Incorporated at 10 weeks after sowing,False,False,high_ranges,General (all zones),,
Sweet potato,General (all zones),Tubers,18.0,26.0,3.5,6.5,June-July (rainfed) | September-October (rainfed) | October-November (irrigated - uplands) | January-February (irrigated - low lands),True,True,coastal_zone,General (all zones),southwest_monsoon;northeast_monsoon;dry_season,Coastal sandy / laterite patches
Sweet potato,General (all zones),Tubers,18.0,26.0,3.5,6.5,June-July (rainfed) | September-October (rainfed) | October-November (irrigated - uplands) | January-February (irrigated - low lands),True,True,southern_zone,General (all zones),southwest_monsoon;northeast_monsoon;dry_season,Coastal sandy / laterite patches
Sweet potato,General (all zones),Tubers,18.0,26.0,3.5,6.5,June-July (rainfed) | September-October (rainfed) | October-November (irrigated - uplands) | January-February (irrigated - low lands),True,True,central_zone,General (all zones),southwest_monsoon;northeast_monsoon;dry_season,Coastal sandy / laterite patches
Sweet potato,General (all zones),Tubers,18.0,26.0,3.5,6.5,June-July (rainfed) | September-October (rainfed) | October-November (irrigated - uplands) | January-February (irrigated - low lands),True,True,northern_zone,General (all zones),southwest_monsoon;northeast_monsoon;dry_season,Coastal sandy / laterite patches
Sweet potato,General (all zones),Tubers,18.0,26.0,3.5,6.5,June-July (rainfed) | September-October (rainfed) | October-November (irrigated - uplands) | January-February (irrigated - low lands),True,True,high_ranges,General (all zones),southwest_monsoon;northeast_monsoon;dry_season,Coastal sandy / laterite patches
Tamarind,General (all zones),Spices and Condiments,22.0,32.0,5.0,6.5,June to November (field planting),False,False,coastal_zone,General (all zones),southwest_monsoon;northeast_monsoon,
Tamarind,General (all zones),Spices and Condiments,22.0,32.0,5.0,6.5,June to November (field planting),False,False,southern_zone,General (all zones),southwest_monsoon;northeast_monsoon,
Tamarind,General (all zones),Spices and Condiments,22.0,32.0,5.0,6.5,June to November (field planting),False,False,central_zone,General (all zones),southwest_monsoon;northeast_monsoon,
Tamarind,General (all zones),Spices and Condiments,22.0,32.0,5.0,6.5,June to November (field planting),False,False,northern_zone,General (all zones),southwest_monsoon;northeast_monsoon,
Tamarind,General (all zones),Spices and Condiments,22.0,32.0,5.0,6.5,June to November (field planting),False,False,high_ranges,General (all zones),southwest_monsoon;northeast_monsoon,
Tapioca,General (all zones),Tubers,22.0,32.0,3.5,6.5,April-May (onset of southwest monsoon) | September-October (onset of northeast monsoon) | February-April (irrigated),False,False,coastal_zone,General (all zones),southwest_monsoon;northeast_monsoon;dry_season,Coastal sandy / laterite patches;Laterite;Lateritic loam (transitional)
Tapioca,General (all zones),Tubers,22.0,32.0,3.5,6.5,April-May (onset of southwest monsoon) | September-October (onset of northeast monsoon) | February-April (irrigated),False,False,southern_zone,General (all zones),southwest_monsoon;northeast_monsoon;dry_season,Coastal sandy / laterite patches;Laterite;Lateritic loam (transitional)
Tapioca,General (all zones),Tubers,22.0,32.0,3.5,6.5,April-May (onset of southwest monsoon) | September-October (onset of northeast monsoon) | February-April (irrigated),False,False,central_zone,General (all zones),southwest_monsoon;northeast_monsoon;dry_season,Coastal sandy / laterite patches;Laterite;Lateritic loam (transitional)
Tapioca,General (all zones),Tubers,22.0,32.0,3.5,6.5,April-May (onset of southwest monsoon) | September-October (onset of northeast monsoon) | February-April (irrigated),False,False,northern_zone,General (all zones),southwest_monsoon;northeast_monsoon;dry_season,Coastal sandy / laterite patches;Laterite;Lateritic loam (transitional)
Tapioca,General (all zones),Tubers,22.0,32.0,3.5,6.5,April-May (onset of southwest monsoon) | September-October (onset of northeast monsoon) | February-April (irrigated),False,False,high_ranges,General (all zones),southwest_monsoon;northeast_monsoon;dry_season,Coastal sandy / laterite patches;Laterite;Lateritic loam (transitional)
Tea,High Hills,Beverages and Stimulants,16.0,32.0,4.5,5.5,Planting (Southwest monsoon areas): June-July | Planting (Northeast monsoon areas): September-October,True,True,high_ranges,High Hills,southwest_monsoon;northeast_monsoon,
Teak,General (all zones),Agroforestry,22.0,32.0,5.0,6.5,Pre-monsoon stump planting April-May; onset of SW monsoon June-July for containerized stock,False,False,coastal_zone,General (all zones),southwest_monsoon;dry_season,
Teak,General (all zones),Agroforestry,22.0,32.0,5.0,6.5,Pre-monsoon stump planting April-May; onset of SW monsoon June-July for containerized stock,False,False,southern_zone,General (all zones),southwest_monsoon;dry_season,
Teak,General (all zones),Agroforestry,22.0,32.0,5.0,6.5,Pre-monsoon stump planting April-May; onset of SW monsoon June-July for containerized stock,False,False,central_zone,General (all zones),southwest_monsoon;dry_season,
Teak,General (all zones),Agroforestry,22.0,32.0,5.0,6.5,Pre-monsoon stump planting April-May; onset of SW monsoon June-July for containerized stock,False,False,northern_zone,General (all zones),southwest_monsoon;dry_season,
Teak,General (all zones),Agroforestry,22.0,32.0,5.0,6.5,Pre-monsoon stump planting April-May; onset of SW monsoon June-July for containerized stock,False,False,high_ranges,General (all zones),southwest_monsoon;dry_season,
Thembavu,High Hills,Agroforestry,12.0,25.0,5.0,6.5,Onset of monsoon (planting),False,False,high_ranges,High Hills,southwest_monsoon,
Thippali,General (all zones),Medicinal and Aromatic Plants,22.0,32.0,5.0,6.5,Planted during May-June after receipt of 4-5 pre-monsoon showers,False,False,coastal_zone,General (all zones),southwest_monsoon;dry_season,Coastal sandy / laterite patches
Thippali,General (all zones),Medicinal and Aromatic Plants,22.0,32.0,5.0,6.5,Planted during May-June after receipt of 4-5 pre-monsoon showers,False,False,southern_zone,General (all zones),southwest_monsoon;dry_season,Coastal sandy / laterite patches
Thippali,General (all zones),Medicinal and Aromatic Plants,22.0,32.0,5.0,6.5,Planted during May-June after receipt of 4-5 pre-monsoon showers,False,False,central_zone,General (all zones),southwest_monsoon;dry_season,Coastal sandy / laterite patches
Thippali,General (all zones),Medicinal and Aromatic Plants,22.0,32.0,5.0,6.5,Planted during May-June after receipt of 4-5 pre-monsoon showers,False,False,northern_zone,General (all zones),southwest_monsoon;dry_season,Coastal sandy / laterite patches
Thippali,General (all zones),Medicinal and Aromatic Plants,22.0,32.0,5.0,6.5,Planted during May-June after receipt of 4-5 pre-monsoon showers,False,False,high_ranges,General (all zones),southwest_monsoon;dry_season,Coastal sandy / laterite patches
Thorny bamboo,General (all zones),Agroforestry,22.0,32.0,5.0,6.5,Immediately before the rainy season (planting),False,False,coastal_zone,General (all zones),,
Thorny bamboo,General (all zones),Agroforestry,22.0,32.0,5.0,6.5,Immediately before the rainy season (planting),False,False,southern_zone,General (all zones),,
Thorny bamboo,General (all zones),Agroforestry,22.0,32.0,5.0,6.5,Immediately before the rainy season (planting),False,False,central_zone,General (all zones),,
Thorny bamboo,General (all zones),Agroforestry,22.0,32.0,5.0,6.5,Immediately before the rainy season (planting),False,False,northern_zone,General (all zones),,
Thorny bamboo,General (all zones),Agroforestry,22.0,32.0,5.0,6.5,Immediately before the rainy season (planting),False,False,high_ranges,General (all zones),,
Thulasi,General (all zones),Medicinal and Aromatic Plants,22.0,32.0,5.0,6.5,General,False,False,coastal_zone,General (all zones),,
Thulasi,General (all zones),Medicinal and Aromatic Plants,22.0,32.0,5.0,6.5,General,False,False,southern_zone,General (all zones),,
Thulasi,General (all zones),Medicinal and Aromatic Plants,22.0,32.0,5.0,6.5,General,False,False,central_zone,General (all zones),,
Thulasi,General (all zones),Medicinal and Aromatic Plants,22.0,32.0,5.0,6.5,General,False,False,northern_zone,General (all zones),,
Thulasi,General (all zones),Medicinal and Aromatic Plants,22.0,32.0,5.0,6.5,General,False,False,high_ranges,General (all zones),,
Tobacco,General (all zones),Beverages and Stimulants,18.0,27.0,6.0,6.5,October-February,False,True,coastal_zone,General (all zones),northeast_monsoon;dry_season,
Tobacco,General (all zones),Beverages and Stimulants,18.0,27.0,6.0,6.5,October-February,False,True,southern_zone,General (all zones),northeast_monsoon;dry_season,
Tobacco,General (all zones),Beverages and Stimulants,18.0,27.0,6.0,6.5,October-February,False,True,central_zone,General (all zones),northeast_monsoon;dry_season,
Tobacco,General (all zones),Beverages and Stimulants,18.0,27.0,6.0,6.5,October-February,False,True,northern_zone,General (all zones),northeast_monsoon;dry_season,
Tobacco,General (all zones),Beverages and Stimulants,18.0,27.0,6.0,6.5,October-February,False,True,high_ranges,General (all zones),northeast_monsoon;dry_season,
Tomato,General (all zones),Solanaceous Vegetables,22.0,32.0,5.0,6.5,October-November (irrigated crop),False,False,coastal_zone,General (all zones),northeast_monsoon;dry_season,
Tomato,General (all zones),Solanaceous Vegetables,22.0,32.0,5.0,6.5,October-November (irrigated crop),False,False,southern_zone,General (all zones),northeast_monsoon;dry_season,
Tomato,General (all zones),Solanaceous Vegetables,22.0,32.0,5.0,6.5,October-November (irrigated crop),False,False,central_zone,General (all zones),northeast_monsoon;dry_season,
Tomato,General (all zones),Solanaceous Vegetables,22.0,32.0,5.0,6.5,October-November (irrigated crop),False,False,northern_zone,General (all zones),northeast_monsoon;dry_season,
Tomato,General (all zones),Solanaceous Vegetables,22.0,32.0,5.0,6.5,October-November (irrigated crop),False,False,high_ranges,General (all zones),northeast_monsoon;dry_season,
Tuberose,General (all zones),Ornamental Plants,22.0,32.0,5.6,6.5,May-July,False,False,coastal_zone,General (all zones),southwest_monsoon;dry_season,Coastal sandy / laterite patches
Tuberose,General (all zones),Ornamental Plants,22.0,32.0,5.6,6.5,May-July,False,False,southern_zone,General (all zones),southwest_monsoon;dry_season,Coastal sandy / laterite patches
Tuberose,General (all zones),Ornamental Plants,22.0,32.0,5.6,6.5,May-July,False,False,central_zone,General (all zones),southwest_monsoon;dry_season,Coastal sandy / laterite patches
Tuberose,General (all zones),Ornamental Plants,22.0,32.0,5.6,6.5,May-July,False,False,northern_zone,General (all zones),southwest_monsoon;dry_season,Coastal sandy / laterite patches
Tuberose,General (all zones),Ornamental Plants,22.0,32.0,5.6,6.5,May-July,False,False,high_ranges,General (all zones),southwest_monsoon;dry_season,Coastal sandy / laterite patches
Turmeric,General (all zones),Spices and Condiments,22.0,32.0,5.0,6.5,April (planting with receipt of pre-monsoon showers),False,False,coastal_zone,General (all zones),southwest_monsoon;dry_season,
Turmeric,General (all zones),Spices and Condiments,22.0,32.0,5.0,6.5,April (planting with receipt of pre-monsoon showers),False,False,southern_zone,General (all zones),southwest_monsoon;dry_season,
Turmeric,General (all zones),Spices and Condiments,22.0,32.0,5.0,6.5,April (planting with receipt of pre-monsoon showers),False,False,central_zone,General (all zones),southwest_monsoon;dry_season,
Turmeric,General (all zones),Spices and Condiments,22.0,32.0,5.0,6.5,April (planting with receipt of pre-monsoon showers),False,False,northern_zone,General (all zones),southwest_monsoon;dry_season,
Turmeric,General (all zones),Spices and Condiments,22.0,32.0,5.0,6.5,April (planting with receipt of pre-monsoon showers),False,False,high_ranges,General (all zones),southwest_monsoon;dry_season,
Vanilla,General (all zones),Spices and Condiments,22.0,32.0,5.0,6.5,Onset of monsoon rains (planting of shoot cuttings),False,False,coastal_zone,General (all zones),southwest_monsoon,"Coastal sandy / laterite patches;Laterite;Forest loam / hill soil (acidic, high organic matter)"
Vanilla,General (all zones),Spices and Condiments,22.0,32.0,5.0,6.5,Onset of monsoon rains (planting of shoot cuttings),False,False,southern_zone,General (all zones),southwest_monsoon,"Coastal sandy / laterite patches;Laterite;Forest loam / hill soil (acidic, high organic matter)"
Vanilla,General (all zones),Spices and Condiments,22.0,32.0,5.0,6.5,Onset of monsoon rains (planting of shoot cuttings),False,False,central_zone,General (all zones),southwest_monsoon,"Coastal sandy / laterite patches;Laterite;Forest loam / hill soil (acidic, high organic matter)"
Vanilla,General (all zones),Spices and Condiments,22.0,32.0,5.0,6.5,Onset of monsoon rains (planting of shoot cuttings),False,False,northern_zone,General (all zones),southwest_monsoon,"Coastal sandy / laterite patches;Laterite;Forest loam / hill soil (acidic, high organic matter)"
Vanilla,General (all zones),Spices and Condiments,22.0,32.0,5.0,6.5,Onset of monsoon rains (planting of shoot cuttings),False,False,high_ranges,General (all zones),southwest_monsoon,"Coastal sandy / laterite patches;Laterite;Forest loam / hill soil (acidic, high organic matter)"
Vegetable cowpea,General (all zones),Solanaceous Vegetables,22.0,32.0,5.0,6.5,,False,False,coastal_zone,General (all zones),,"Coastal alluvium / sandy, backwater-adjacent"
Vegetable cowpea,General (all zones),Solanaceous Vegetables,22.0,32.0,5.0,6.5,,False,False,southern_zone,General (all zones),,"Coastal alluvium / sandy, backwater-adjacent"
Vegetable cowpea,General (all zones),Solanaceous Vegetables,22.0,32.0,5.0,6.5,,False,False,central_zone,General (all zones),,"Coastal alluvium / sandy, backwater-adjacent"
Vegetable cowpea,General (all zones),Solanaceous Vegetables,22.0,32.0,5.0,6.5,,False,False,northern_zone,General (all zones),,"Coastal alluvium / sandy, backwater-adjacent"
Vegetable cowpea,General (all zones),Solanaceous Vegetables,22.0,32.0,5.0,6.5,,False,False,high_ranges,General (all zones),,"Coastal alluvium / sandy, backwater-adjacent"
Venga,High Hills,Agroforestry,12.0,25.0,5.0,6.5,Before onset of monsoon (site prep); planting along SW monsoon,False,False,high_ranges,High Hills,southwest_monsoon,
Vetiver,General (all zones),Medicinal and Aromatic Plants,36.0,44.0,5.0,6.5,Planting June-July,False,True,coastal_zone,General (all zones),southwest_monsoon,Coastal sandy / laterite patches
Vetiver,General (all zones),Medicinal and Aromatic Plants,36.0,44.0,5.0,6.5,Planting June-July,False,True,southern_zone,General (all zones),southwest_monsoon,Coastal sandy / laterite patches
Vetiver,General (all zones),Medicinal and Aromatic Plants,36.0,44.0,5.0,6.5,Planting June-July,False,True,central_zone,General (all zones),southwest_monsoon,Coastal sandy / laterite patches
Vetiver,General (all zones),Medicinal and Aromatic Plants,36.0,44.0,5.0,6.5,Planting June-July,False,True,northern_zone,General (all zones),southwest_monsoon,Coastal sandy / laterite patches
Vetiver,General (all zones),Medicinal and Aromatic Plants,36.0,44.0,5.0,6.5,Planting June-July,False,True,high_ranges,General (all zones),southwest_monsoon,Coastal sandy / laterite patches
Water melon,General (all zones),Cucurbitaceous Vegetables,22.0,32.0,5.0,6.5,December-April,False,False,coastal_zone,General (all zones),dry_season,
Water melon,General (all zones),Cucurbitaceous Vegetables,22.0,32.0,5.0,6.5,December-April,False,False,southern_zone,General (all zones),dry_season,
Water melon,General (all zones),Cucurbitaceous Vegetables,22.0,32.0,5.0,6.5,December-April,False,False,central_zone,General (all zones),dry_season,
Water melon,General (all zones),Cucurbitaceous Vegetables,22.0,32.0,5.0,6.5,December-April,False,False,northern_zone,General (all zones),dry_season,
Water melon,General (all zones),Cucurbitaceous Vegetables,22.0,32.0,5.0,6.5,December-April,False,False,high_ranges,General (all zones),dry_season,
West Indian Cherry,General (all zones),Fruits,22.0,32.0,5.9,6.5,July to December (planting),False,False,coastal_zone,General (all zones),southwest_monsoon,
West Indian Cherry,General (all zones),Fruits,22.0,32.0,5.9,6.5,July to December (planting),False,False,southern_zone,General (all zones),southwest_monsoon,
West Indian Cherry,General (all zones),Fruits,22.0,32.0,5.9,6.5,July to December (planting),False,False,central_zone,General (all zones),southwest_monsoon,
West Indian Cherry,General (all zones),Fruits,22.0,32.0,5.9,6.5,July to December (planting),False,False,northern_zone,General (all zones),southwest_monsoon,
West Indian Cherry,General (all zones),Fruits,22.0,32.0,5.9,6.5,July to December (planting),False,False,high_ranges,General (all zones),southwest_monsoon,
White yam,General (all zones),Tubers,22.0,32.0,3.5,6.5,,False,False,coastal_zone,General (all zones),,
White yam,General (all zones),Tubers,22.0,32.0,3.5,6.5,,False,False,southern_zone,General (all zones),,
White yam,General (all zones),Tubers,22.0,32.0,3.5,6.5,,False,False,central_zone,General (all zones),,
White yam,General (all zones),Tubers,22.0,32.0,3.5,6.5,,False,False,northern_zone,General (all zones),,
White yam,General (all zones),Tubers,22.0,32.0,3.5,6.5,,False,False,high_ranges,General (all zones),,
Wild indigo,General (all zones),Green Manure Crops,22.0,32.0,5.0,6.5,General,False,False,coastal_zone,General (all zones),,
Wild indigo,General (all zones),Green Manure Crops,22.0,32.0,5.0,6.5,General,False,False,southern_zone,General (all zones),,
Wild indigo,General (all zones),Green Manure Crops,22.0,32.0,5.0,6.5,General,False,False,central_zone,General (all zones),,
Wild indigo,General (all zones),Green Manure Crops,22.0,32.0,5.0,6.5,General,False,False,northern_zone,General (all zones),,
Wild indigo,General (all zones),Green Manure Crops,22.0,32.0,5.0,6.5,General,False,False,high_ranges,General (all zones),,
Wild jack or Aini,General (all zones),Agroforestry,22.0,32.0,5.0,6.5,Monsoon season (collection and planting of wildings),False,False,coastal_zone,General (all zones),southwest_monsoon,
Wild jack or Aini,General (all zones),Agroforestry,22.0,32.0,5.0,6.5,Monsoon season (collection and planting of wildings),False,False,southern_zone,General (all zones),southwest_monsoon,
Wild jack or Aini,General (all zones),Agroforestry,22.0,32.0,5.0,6.5,Monsoon season (collection and planting of wildings),False,False,central_zone,General (all zones),southwest_monsoon,
Wild jack or Aini,General (all zones),Agroforestry,22.0,32.0,5.0,6.5,Monsoon season (collection and planting of wildings),False,False,northern_zone,General (all zones),southwest_monsoon,
Wild jack or Aini,General (all zones),Agroforestry,22.0,32.0,5.0,6.5,Monsoon season (collection and planting of wildings),False,False,high_ranges,General (all zones),southwest_monsoon,
Xanthosoma,General (all zones),Tubers,20.0,29.0,5.5,6.5,February-March to November-December (rainfed) | Throughout the year (irrigated),True,True,coastal_zone,General (all zones),southwest_monsoon;northeast_monsoon;dry_season,
Xanthosoma,General (all zones),Tubers,20.0,29.0,5.5,6.5,February-March to November-December (rainfed) | Throughout the year (irrigated),True,True,southern_zone,General (all zones),southwest_monsoon;northeast_monsoon;dry_season,
Xanthosoma,General (all zones),Tubers,20.0,29.0,5.5,6.5,February-March to November-December (rainfed) | Throughout the year (irrigated),True,True,central_zone,General (all zones),southwest_monsoon;northeast_monsoon;dry_season,
Xanthosoma,General (all zones),Tubers,20.0,29.0,5.5,6.5,February-March to November-December (rainfed) | Throughout the year (irrigated),True,True,northern_zone,General (all zones),southwest_monsoon;northeast_monsoon;dry_season,
Xanthosoma,General (all zones),Tubers,20.0,29.0,5.5,6.5,February-March to November-December (rainfed) | Throughout the year (irrigated),True,True,high_ranges,General (all zones),southwest_monsoon;northeast_monsoon;dry_season,
